fw_load_avg_1_min;fw_load_avg_5_min;fw_load_avg_15_min;fw_cpu_used;mem_used;root_used;log_used;fw_total_alloc;total_rx_packets;total_tx_packets;created_at
0,11;0,31;0,31;1;7917858;10093177;10314867;646114878;19118024;1823250;2024-11-06 08:01:07.026
0,05;0,24;0,21;1;7916440;10093408;10309760;647056864;19106717;1823692;2024-11-06 08:02:49.146
0,11;0,29;0,17;1;7912404;10093304;10312069;645895946;19127651;1823032;2024-11-06 08:06:19.091
0,25;0,19;0,29;0;7912749;10093380;10308647;645884835;19115247;1823517;2024-11-06 08:02:40.098
0,36;0,12;0,04;0;7914080;10093226;10311646;647446205;19146925;1823665;2024-11-06 08:03:23.588
0,21;0,11;0,23;0;7914825;10093306;10308250;646799813;19129439;1823603;2024-11-06 08:08:34.439
0,28;0,37;0,30;2;7914410;10093201;10310807;646454304;19100425;1823777;2024-11-06 08:07:02.848
0,08;0,40;0,24;0;7912262;10093332;10312573;646777681;19122298;1823284;2024-11-06 08:06:46.732
0,14;0,15;0,30;2;7918867;10093388;10312017;646183890;19122059;1823104;2024-11-06 08:07:29.225
0,24;0,09;0,15;0;7914852;10093333;10308218;645837640;19123526;1823867;2024-11-06 08:07:42.398
0,23;0,54;0,18;0;7914234;10093428;10311180;647108430;19102847;1823747;2024-11-06 08:10:36.633
0,27;0,25;0,09;0;7907292;10093438;10310367;647050047;19124807;1823080;2024-11-06 08:12:20.562
0,19;0,31;0,45;2;7916619;10093191;10309733;647535498;19141198;1823633;2024-11-06 08:13:52.307
0,11;0,32;0,00;0;7912850;10093312;10312540;646590762;19146174;1823071;2024-11-06 08:13:00.605
0,00;0,19;0,09;0;7913254;10093249;10307361;647402219;19118965;1823081;2024-11-06 08:11:03.693
0,18;0,35;0,02;0;7908914;10093301;10308401;646917732;19124911;1823284;2024-11-06 08:13:24.908
0,20;0,24;0,13;2;7914746;10093171;10311348;646942577;19123909;1823166;2024-11-06 08:16:02.666
0,22;0,53;0,09;0;7920942;10092984;10305843;646379679;19143920;1823273;2024-11-06 08:16:04.372
0,02;0,24;0,23;1;7912725;10093235;10311055;647416611;19111215;1823546;2024-11-06 08:14:16.638
0,00;0,18;0,19;0;7916426;10093172;10309821;647014991;19124867;1823276;2024-11-06 08:16:30.171
0,09;0,13;0,21;1;7913348;10093300;10307893;646824659;19121252;1823863;2024-11-06 08:19:55.230
0,17;0,32;0,11;2;7915173;10093275;10313292;646496455;19102103;1823824;2024-11-06 08:16:23.240
0,10;0,11;0,03;0;7922823;10093125;10308367;647657883;19104337;1823216;2024-11-06 08:19:21.420
0,00;0,31;0,06;1;7920233;10093033;10306493;646727538;19120622;1823217;2024-11-06 08:22:15.918
0,35;0,22;0,17;1;7920730;10093465;10311344;646688572;19130071;1823146;2024-11-06 08:22:25.414
0,14;0,07;0,21;0;7905852;10093305;10314011;647358795;19148823;1823574;2024-11-06 08:21:10.146
0,13;0,28;0,36;1;7921852;10093149;10311020;646920949;19138311;1823438;2024-11-06 08:24:15.275
0,32;0,27;0,00;0;7912259;10093269;10307131;647290511;19109065;1823521;2024-11-06 08:23:49.379
0,00;0,12;0,33;2;7909581;10093307;10306492;648040657;19103087;1823881;2024-11-06 08:25:22.095
0,15;0,23;0,22;1;7917037;10093098;10309989;646670615;19110484;1823811;2024-11-06 08:22:51.160
0,00;0,34;0,16;0;7915212;10093267;10309330;647987513;19125216;1823390;2024-11-06 08:26:16.625
0,19;0,03;0,16;0;7916498;10093303;10307824;647464741;19136256;1823881;2024-11-06 08:27:24.554
0,00;0,36;0,07;1;7912868;10093356;10310239;647408349;19107507;1823698;2024-11-06 08:24:15.713
0,29;0,37;0,31;0;7911731;10093313;10306946;646971047;19142006;1823348;2024-11-06 08:29:29.787
0,32;0,24;0,24;0;7912933;10093362;10309839;646767274;19110365;1823464;2024-11-06 08:26:37.307
0,33;0,05;0,25;1;7908787;10093377;10309477;647067492;19117261;1823995;2024-11-06 08:26:26.757
0,26;0,00;0,13;0;7919217;10093336;10310566;646325268;19133271;1823934;2024-11-06 08:31:26.798
0,29;0,31;0,20;1;7920115;10093181;10308980;645757694;19119558;1823861;2024-11-06 08:28:49.912
0,34;0,26;0,03;0;7905207;10093162;10311587;646849819;19110016;1823382;2024-11-06 08:32:59.638
0,08;0,10;0,09;2;7904331;10093129;10307858;647341311;19134757;1823940;2024-11-06 08:30:47.565
0,18;0,12;0,43;0;7910680;10093366;10313242;646215019;19132021;1823019;2024-11-06 08:30:10.628
0,21;0,16;0,14;0;7916776;10093187;10309008;646915942;19120153;1823245;2024-11-06 08:31:52.974
0,14;0,08;0,28;1;7919242;10093284;10309246;646647394;19105161;1823087;2024-11-06 08:32:09.252
0,09;0,50;0,29;0;7909799;10093266;10309274;647291900;19149846;1823545;2024-11-06 08:36:33.855
0,28;0,35;0,11;1;7914523;10093075;10307485;647442050;19131148;1823969;2024-11-06 08:34:14.134
0,06;0,12;0,20;0;7917473;10093143;10303038;646564888;19134581;1823893;2024-11-06 08:38:36.173
0,38;0,26;0,33;1;7908340;10093086;10310925;647120011;19149497;1823747;2024-11-06 08:38:16.222
0,25;0,33;0,24;0;7916028;10093321;10311004;647428722;19126148;1823687;2024-11-06 08:37:07.747
0,35;0,40;0,14;1;7916402;10093212;10308332;646655229;19129588;1823123;2024-11-06 08:39:21.459
0,27;0,27;0,24;0;7912871;10093250;10311635;646255303;19122156;1823021;2024-11-06 08:39:01.235
0,20;0,23;0,28;1;7907248;10093399;10310427;647133290;19114432;1823007;2024-11-06 08:42:23.241
0,14;0,28;0,20;1;7920044;10093105;10310351;647204256;19103858;1823234;2024-11-06 08:39:01.742
0,17;0,17;0,16;0;7914873;10093069;10311930;646759934;19121654;1823072;2024-11-06 08:39:44.949
0,22;0,26;0,15;0;7913344;10093046;10311464;647540034;19143842;1823497;2024-11-06 08:44:18.249
0,00;0,17;0,08;0;7913111;10093314;10311974;647560926;19147405;1823957;2024-11-06 08:42:29.565
0,40;0,19;0,09;2;7913427;10093313;10307545;647830068;19130996;1823826;2024-11-06 08:45:27.254
0,33;0,20;0,13;0;7910654;10093257;10309541;647475251;19106352;1823674;2024-11-06 08:45:38.199
0,15;0,28;0,20;0;7915348;10093226;10311415;647361270;19126941;1823478;2024-11-06 08:46:35.371
0,27;0,29;0,11;1;7915616;10093374;10310982;646484641;19142348;1823100;2024-11-06 08:44:07.706
3,38;3,37;2,15;80;13203148;13474783;15642089;866394280;23833230;2721470;2024-11-06 08:44:56.422
0,19;0,32;0,13;1;7911769;10093061;10309095;645788060;19129400;1823143;2024-11-06 08:46:48.199
0,00;0,31;0,28;0;7916127;10093153;10309904;646998198;19130318;1823255;2024-11-06 08:49:31.192
0,03;0,40;0,29;2;7912895;10093252;10310416;645979132;19136066;1823100;2024-11-06 08:47:18.464
0,16;0,14;0,10;1;7912594;10093429;10311281;646714410;19100967;1823992;2024-11-06 08:47:50.683
0,29;0,39;0,29;2;7914298;10093185;10311396;647196742;19115491;1823170;2024-11-06 08:48:57.971
0,33;0,30;0,30;0;7911323;10093381;10310395;648037630;19114008;1823885;2024-11-06 08:52:23.509
0,10;0,43;0,22;0;7910742;10093201;10309359;647212082;19110789;1823388;2024-11-06 08:53:05.946
0,28;0,15;0,20;0;7924711;10093422;10310872;647019001;19129819;1823292;2024-11-06 08:50:26.409
0,22;0,29;0,10;1;7912713;10093083;10310798;647323597;19136422;1823677;2024-11-06 08:54:46.730
0,13;0,41;0,08;0;7906678;10093272;10312094;647841963;19119445;1823222;2024-11-06 08:56:04.162
0,13;0,35;0,20;1;7913136;10093338;10311304;646211803;19135533;1823062;2024-11-06 08:53:09.607
0,42;0,39;0,14;0;7915979;10093299;10310521;646724847;19138284;1823488;2024-11-06 08:56:05.059
0,10;0,22;0,32;2;7916718;10093212;10311543;645575728;19134807;1823161;2024-11-06 08:58:27.964
0,37;0,01;0,16;0;7908401;10093120;10312321;646766149;19112178;1823070;2024-11-06 08:55:24.532
0,25;0,21;0,25;2;7914384;10093121;10311992;646753121;19115414;1823413;2024-11-06 08:56:14.708
0,00;0,17;0,35;1;7918251;10093215;10309301;646839182;19116135;1823592;2024-11-06 08:57:26.987
7,07;3,51;1,88;76;7924383;10093219;10310759;646836559;19143081;1823597;2024-11-06 08:57:30.649
0,12;0,23;0,13;0;7913345;10093146;10309620;647224195;19117089;1823209;2024-11-06 09:02:44.548
0,11;0,22;0,21;0;7916262;10093236;10312171;645949540;19125938;1823134;2024-11-06 09:01:20.250
0,64;0,12;0,24;0;7909307;10093314;10310553;646674643;19149274;1823958;2024-11-06 09:01:58.479
0,36;0,20;0,25;0;7909414;10093246;10314006;647481482;19140708;1823576;2024-11-06 09:00:47.009
0,25;0,17;0,21;1;7914987;10093294;10307846;647334203;19113969;1823518;2024-11-06 09:01:46.076
0,04;0,42;0,12;0;7915483;10093350;10309495;647170300;19104508;1823900;2024-11-06 09:03:55.138
0,42;0,29;0,24;0;7905576;10093156;10312093;647284975;19110338;1823448;2024-11-06 09:04:30.387
0,31;0,30;0,33;0;7912693;10093262;10307942;646360988;19140086;1823826;2024-11-06 09:07:48.737
0,00;0,11;0,36;1;7906236;10093219;10307413;646699513;19136346;1823306;2024-11-06 09:08:25.008
0,23;0,14;0,31;0;7921669;10093025;10308634;647029571;19117332;1823118;2024-11-06 09:05:33.984
0,37;0,17;0,20;1;7908216;10093096;10312890;646087965;19110187;1823278;2024-11-06 09:06:19.778
0,55;0,31;0,27;0;7916877;10093224;10310784;646905551;19147029;1823351;2024-11-06 09:08:34.634
0,28;0,22;0,10;1;7909647;10093151;10311941;646691276;19117300;1823517;2024-11-06 09:08:39.720
0,00;0,27;0,35;2;7917865;10093189;10306826;646932865;19103329;1823094;2024-11-06 09:11:50.263
0,18;0,10;0,26;0;7923233;10093272;10310320;646531385;19102889;1823003;2024-11-06 09:12:01.869
0,41;0,21;0,14;0;7914318;10093297;10310278;647603076;19141753;1823268;2024-11-06 09:12:00.808
0,26;0,19;0,24;0;7916498;10093120;10312298;646849547;19136154;1823722;2024-11-06 09:11:17.777
0,16;0,31;0,27;0;7910495;10093330;10308879;647909786;19107331;1823077;2024-11-06 09:14:18.588
0,08;0,25;0,12;0;7925113;10093126;10311048;646632544;19124196;1823596;2024-11-06 09:12:41.572
0,69;0,69;0,58;19;7922116;17733487;22319470;647729746;19102741;1823315;2024-11-06 09:16:52.155
0,00;0,26;0,20;2;7916072;10093172;10307128;646043446;19102614;1823920;2024-11-06 09:16:01.942
0,35;0,35;0,23;1;7911329;10093087;10311126;646449610;19116353;1823682;2024-11-06 09:16:43.220
0,09;0,15;0,18;2;7910204;10093253;10308756;647350686;19136692;1823905;2024-11-06 09:15:17.370
0,35;0,23;0,25;1;7924589;10093132;10307533;647347498;19110128;1823947;2024-11-06 09:18:38.650
0,49;0,22;0,36;85;7914482;10093181;10308018;647314706;19127020;1823025;2024-11-06 09:17:56.906
0,06;0,23;0,36;0;7912466;10093381;10307570;646733045;19126982;1823821;2024-11-06 09:18:11.772
0,00;0,23;0,28;0;7914375;10093372;10308501;647112671;19145958;1823110;2024-11-06 09:19:32.279
0,12;0,26;0,25;0;7916911;10093142;10308220;646647856;19130847;1823227;2024-11-06 09:21:25.914
0,16;0,23;0,27;0;7909759;10093089;10314311;646434273;19122915;1823312;2024-11-06 09:20:37.856
0,33;0,22;0,23;0;7913992;10093211;10310927;646780706;19143255;1823197;2024-11-06 09:21:36.233
0,37;0,29;0,26;0;7911464;10093226;10307624;646823491;19104549;1823990;2024-11-06 09:23:49.344
0,04;0,38;0,21;1;7914852;10093227;10310395;648232438;19133384;1823409;2024-11-06 09:23:32.368
0,15;0,14;0,25;0;7901371;10093256;10309256;646503843;19107559;1823898;2024-11-06 09:26:29.347
0,28;0,23;0,02;1;7910767;10092961;10310586;647141649;19117397;1823039;2024-11-06 09:24:53.187
0,08;0,28;0,07;0;7909167;10093291;10308622;646968671;19122654;1823746;2024-11-06 09:24:20.625
0,12;0,17;0,16;1;7910466;10093280;10308744;647007843;19133516;1823118;2024-11-06 09:26:50.457
0,09;0,04;0,29;1;7916497;10093478;10307912;646895519;19112457;1823260;2024-11-06 09:28:12.943
0,18;0,34;0,15;0;7908144;10093370;10309366;647439321;19100110;1823532;2024-11-06 09:26:02.743
0,31;0,22;0,18;1;7912042;10093248;10311726;646601779;19148624;1823754;2024-11-06 09:31:00.720
0,22;0,09;0,10;0;7913845;10093053;10314121;646403470;19104585;1823971;2024-11-06 09:28:50.381
0,19;0,36;0,11;0;7902486;10093205;10308250;645861813;19143475;1823868;2024-11-06 09:30:44.653
0,24;0,24;0,31;0;7908395;10093090;10309186;646955828;19133234;1823316;2024-11-06 09:29:43.754
0,34;0,39;0,32;0;7915382;10093329;10308719;647084197;19145692;1823302;2024-11-06 09:32:54.342
0,02;0,23;0,21;0;7922610;10093227;10310180;647118480;19127554;1823680;2024-11-06 09:34:53.133
0,13;0,12;0,33;1;7909095;10093117;10311360;647578907;19111405;1823630;2024-11-06 09:34:09.710
0,13;0,17;0,23;1;7910460;10093171;10311759;647303565;19100026;1823311;2024-11-06 09:34:14.425
0,40;0,07;0,15;0;7915405;10093157;10311283;647612313;19138009;1823621;2024-11-06 09:34:51.220
0,11;0,22;0,35;0;7922996;10093324;10311186;646573131;19128977;1823691;2024-11-06 09:35:54.487
0,25;0,29;0,18;0;7911026;10093121;10306524;646026058;19148231;1823173;2024-11-06 09:35:44.536
0,29;0,24;0,15;1;7912342;10093271;10309670;646329723;19143506;1823648;2024-11-06 09:35:23.297
0,34;0,26;0,23;2;7918187;10093168;10312427;646929978;19149226;1823240;2024-11-06 09:38:16.097
0,33;0,31;0,10;2;7916514;10093282;10310060;646952814;19113050;1823150;2024-11-06 09:38:48.235
0,19;0,32;0,26;0;7914152;10093100;10310988;647361806;19131138;1823625;2024-11-06 09:37:07.048
0,55;0,35;0,01;0;7914392;10093431;10311247;647164326;19141272;1823589;2024-11-06 09:38:17.477
0,34;0,15;0,25;1;7912747;10093248;10311656;646536643;19125164;1823506;2024-11-06 09:40:04.753
0,39;0,17;0,23;0;7906997;10093321;10312893;646742679;19142995;1823704;2024-11-06 09:42:34.255
0,03;0,25;0,35;2;7906750;10093139;10309091;646589828;19106985;1823797;2024-11-06 09:39:57.936
0,08;0,00;0,26;0;7915693;10093080;10312914;647840546;19145607;1823530;2024-11-06 09:44:17.229
0,09;0,36;0,14;1;7914905;10093166;10314428;646851991;19116331;1823939;2024-11-06 09:45:22.052
0,31;0,18;0,37;94;7923433;10093413;10311912;646687605;19143750;1823543;2024-11-06 09:43:12.478
0,32;0,22;0,33;0;7919579;10093185;10311895;647341017;19149496;1823912;2024-11-06 09:47:41.624
0,00;0,32;0,16;2;7909569;10093165;10309729;647240029;19147138;1823913;2024-11-06 09:47:26.642
2,10;2,80;3,09;60;12570260;10093113;10313723;734995613;19129223;1823918;2024-11-06 09:48:43.447
0,04;0,19;0,10;2;7912138;10093358;10313769;647771621;19131108;1823460;2024-11-06 09:46:31.779
0,13;0,09;0,21;0;7905157;10093282;10309704;646766981;19141789;1823283;2024-11-06 09:48:07.788
0,00;0,28;0,15;1;7908150;10092962;10309944;647886125;19115679;1823281;2024-11-06 09:51:06.508
0,45;0,17;0,14;1;7916343;10093150;10310603;647383040;19118725;1823240;2024-11-06 09:51:10.081
0,38;0,21;0,18;0;7909610;10093167;10309547;647183682;19135399;1823082;2024-11-06 09:50:29.352
0,34;0,12;0,35;0;7912644;10093247;10308505;645787879;19125102;1823710;2024-11-06 09:50:05.158
0,33;0,31;0,17;0;7914334;10093301;10306874;646735473;19104209;1823424;2024-11-06 09:50:58.740
0,32;0,07;0,23;1;7907217;10093296;10309928;646192434;19130534;1823425;2024-11-06 09:53:53.346
0,37;0,13;0,12;2;7915002;10093364;10307968;647030839;19127534;1823398;2024-11-06 09:51:41.216
0,26;0,30;0,22;2;7912164;10093167;10310172;646463930;19137728;1823389;2024-11-06 09:52:05.898
0,00;0,27;0,29;0;7902185;10093149;10311238;648028747;19119569;1823771;2024-11-06 09:56:44.006
0,20;0,13;0,18;2;7920874;10093185;10308401;646758628;19127460;1823551;2024-11-06 09:56:44.894
0,06;0,23;0,36;1;7915615;10093224;10309416;646218404;19114453;1823499;2024-11-06 09:58:49.838
0,33;0,21;0,18;0;7929965;10093279;10308496;646786821;19131827;1823029;2024-11-06 09:56:47.286
0,37;0,23;0,06;1;7918596;10093183;10313746;647540024;19144508;1823817;2024-11-06 09:58:59.352
0,13;0,37;0,21;0;7918263;10093298;10308307;646678225;19130630;1823941;2024-11-06 09:59:52.759
0,35;0,18;0,16;1;7909224;10093292;10314125;646466233;19101767;1823928;2024-11-06 09:58:15.652
0,20;0,39;0,19;1;7916261;10093143;10310856;646906427;19143450;1823027;2024-11-06 10:01:16.620
0,35;0,36;0,46;0;7916898;10093282;10310388;646823416;19108893;1823887;2024-11-06 09:59:22.673
0,25;0,18;0,22;0;7920587;10093149;10312279;647658557;19117049;1823388;2024-11-06 10:03:21.190
0,18;0,00;0,14;0;7920484;10093247;10308001;646747612;19121420;1823345;2024-11-06 10:02:57.221
0,33;0,29;0,18;2;7912165;10093210;10308155;647807687;19127627;1823258;2024-11-06 10:04:09.291
0,15;0,37;0,35;0;7918991;10093206;10310807;646987902;19149088;1823552;2024-11-06 10:02:21.493
0,06;0,26;0,08;0;7919938;10093203;10310402;647141643;19114694;1823665;2024-11-06 10:02:51.998
0,16;0,29;0,15;1;7918356;10093115;10310252;647969464;19102638;1823772;2024-11-06 10:03:45.819
0,05;0,14;0,25;0;7914897;10093285;10310978;647317360;19113065;1823859;2024-11-06 10:04:10.995
0,37;0,27;0,18;0;7917362;10093439;10309734;646512735;19115633;1823129;2024-11-06 10:04:50.651
0,37;0,21;0,00;0;7918237;10093196;10309818;647165990;19136960;1823970;2024-11-06 10:09:27.701
0,23;0,31;0,16;1;7916565;10093224;10311477;647307683;19116793;1823785;2024-11-06 10:08:01.487
0,06;0,35;0,15;1;7918040;10093286;10313676;646888267;19139796;1823986;2024-11-06 10:10:03.175
0,15;0,22;0,17;2;7917999;10093088;10307892;646466098;19110732;1823987;2024-11-06 10:08:38.815
0,34;0,43;0,19;1;7913155;10093257;10312323;646536323;19101682;1823951;2024-11-06 10:11:04.113
0,24;0,34;0,25;1;7914947;10093350;10304593;647338937;19124596;1823406;2024-11-06 10:11:49.603
0,10;0,00;0,25;1;7920868;10093236;10311905;647806139;19145260;1823850;2024-11-06 10:11:36.079
4,78;3,41;1,86;94;15074182;12312674;18845113;847533413;27059717;3459154;2024-11-06 10:12:44.106
0,40;0,27;0,21;1;7921395;10093311;10314581;647053521;19102691;1823355;2024-11-06 10:12:26.834
0,18;0,20;0,16;1;7902961;10093227;10305864;647226016;19124285;1823070;2024-11-06 10:16:42.449
0,01;0,11;0,13;0;7912975;10093250;10312168;646711234;19100829;1823869;2024-11-06 10:17:14.678
0,27;0,55;0,24;0;7913097;10093172;10309611;646556889;19106916;1823443;2024-11-06 10:17:15.862
0,24;0,23;0,00;2;7913907;10093357;10309201;646673551;19130129;1823724;2024-11-06 10:17:30.666
0,00;0,00;0,28;0;7913092;10093327;10313062;647460623;19148090;1823534;2024-11-06 10:16:28.456
0,12;0,24;0,14;2;7910458;10093284;10308335;645895424;19135269;1823793;2024-11-06 10:18:13.645
0,07;0,18;0,35;0;7911545;10093301;10309663;647613202;19147908;1823606;2024-11-06 10:20:47.487
0,37;0,36;0,03;2;7915033;10093325;10310763;647318298;19116088;1823850;2024-11-06 10:19:42.337
0,21;0,13;0,03;0;7910772;10093517;10309028;646020304;19115981;1823768;2024-11-06 10:18:54.292
0,31;0,32;0,33;1;7916354;10093334;10313680;646627263;19143790;1823388;2024-11-06 10:22:52.597
0,06;0,09;0,17;0;7921167;10093302;10310977;646090346;19121300;1823186;2024-11-06 10:22:32.030
0,10;0,00;0,32;0;7921928;10093327;10308026;647741011;19116931;1823348;2024-11-06 10:24:34.222
0,16;0,07;0,10;1;7911849;10093254;10309677;646293665;19145952;1823901;2024-11-06 10:23:33.923
0,38;0,20;0,13;0;7919551;10093131;10306742;647636243;19133857;1823970;2024-11-06 10:24:16.582
0,48;0,16;0,20;0;7908266;10093250;10309048;646948935;19147190;1823416;2024-11-06 10:24:17.089
0,26;0,09;0,16;2;7904981;10093214;10309813;647114491;19115749;1823707;2024-11-06 10:27:35.582
0,24;0,33;0,05;1;7906568;10093302;10305922;647091650;19132166;1823458;2024-11-06 10:28:13.677
0,02;0,41;0,23;0;7912904;10093372;10307873;646563295;19114522;1823414;2024-11-06 10:25:03.097
0,01;0,12;0,21;1;7916469;10093346;10306350;646914068;19138112;1823377;2024-11-06 10:27:44.321
0,03;0,20;0,43;1;7915459;10093339;10313921;647563679;19122528;1823435;2024-11-06 10:30:27.580
0,13;0,07;0,20;0;7911161;10093097;10310481;647132943;19146062;1823464;2024-11-06 10:31:51.346
0,47;0,18;0,23;0;7910672;10093337;10309750;646413704;19115108;1823123;2024-11-06 10:30:13.321
7,89;2,71;2,30;84;7905134;10093376;10308188;646673116;19149950;1823706;2024-11-06 10:30:18.330
0,11;0,38;0,00;0;7929688;10093355;10310446;646972552;19148405;1823495;2024-11-06 10:30:59.200
0,24;0,28;0,26;1;7916778;10093258;10309605;646924363;19149820;1823537;2024-11-06 10:32:31.759
0,17;0,36;0,26;2;7899298;10093315;10310389;646990645;19112721;1823303;2024-11-06 10:33:19.105
0,14;0,35;0,29;0;7910135;10093290;10308056;646310190;19119809;1823014;2024-11-06 10:33:36.378
0,11;0,32;0,30;0;7916565;10093322;10311032;646679259;19102982;1823997;2024-11-06 10:36:58.132
0,26;0,32;0,28;0;7919944;10093320;10310702;647535075;19145705;1823966;2024-11-06 10:33:37.580
0,20;0,11;0,18;2;7910275;10093182;10309710;646603790;19149334;1823502;2024-11-06 10:34:59.668
0,15;0,00;0,22;0;7914006;10093168;10311318;647468785;19137621;1823291;2024-11-06 10:35:32.915
0,00;0,13;0,12;0;7909300;10093332;10309612;646867742;19122328;1823188;2024-11-06 10:39:25.501
0,00;0,30;0,08;2;7914299;10093277;10312721;646345589;19131308;1823116;2024-11-06 10:36:36.264
0,00;0,24;0,38;0;7920194;10093270;10309016;647403561;19104855;1823590;2024-11-06 10:37:28.420
0,20;0,30;0,26;98;7919301;10093525;10310784;646745518;19119912;1823087;2024-11-06 10:38:07.159
0,20;0,01;0,13;1;7911953;10093197;10310304;646588790;19127274;1823620;2024-11-06 10:40:32.124
0,37;0,22;0,20;1;7912360;10093265;10311650;646566434;19124928;1823461;2024-11-06 10:41:05.813
0,10;0,18;0,07;2;7909903;10093202;10311748;647131280;19138569;1823439;2024-11-06 10:43:41.311
0,23;0,32;0,19;1;7915952;10093239;10310530;646708620;19103947;1823624;2024-11-06 10:43:16.596
0,00;0,20;0,34;2;7918631;10093346;10312472;647044328;19113617;1823640;2024-11-06 10:42:15.993
0,23;0,15;0,17;1;7917078;10093370;10309721;646774905;19105320;1823160;2024-11-06 10:43:58.277
0,20;0,29;0,06;1;7902519;10093194;10307558;646745929;19104919;1823160;2024-11-06 10:44:57.182
0,18;0,17;0,35;0;7915633;10093280;10311244;646430583;19145178;1823608;2024-11-06 10:43:41.428
0,36;0,21;0,27;0;7908640;10093094;10311635;647188204;19115170;1823295;2024-11-06 10:48:25.305
0,06;0,12;0,31;2;7908052;10093414;10308198;647319195;19129755;1823072;2024-11-06 10:47:34.737
0,15;0,29;0,15;0;7913186;10093254;10307995;647370412;19140963;1823603;2024-11-06 10:47:54.968
0,12;0,19;0,10;0;7901188;10093230;10314825;647392302;19135688;1823230;2024-11-06 10:48:21.445
0,20;0,19;0,20;0;7916735;10093131;10312228;647357690;19109321;1823073;2024-11-06 10:48:41.952
0,31;0,27;0,20;2;7917364;10093309;10309291;646713199;19120159;1823609;2024-11-06 10:48:40.173
0,22;0,41;0,08;0;7906662;10093266;10310101;647086670;19130716;1823705;2024-11-06 10:51:22.460
0,24;0,19;0,35;0;7905995;10093167;10309793;646178405;19117841;1823512;2024-11-06 10:52:15.733
0,17;0,42;0,20;0;7915153;10093123;10308767;646812401;19105271;1823612;2024-11-06 10:55:01.517
0,15;0,37;0,26;0;7908442;10093274;10310996;647570074;19148138;1823330;2024-11-06 10:51:30.932
0,44;0,10;0,12;0;7907712;10093226;10310932;647493667;19115002;1823984;2024-11-06 10:54:03.027
0,19;0,18;0,22;1;7909824;10093458;10306784;647092370;19117662;1823590;2024-11-06 10:52:50.801
0,50;0,22;0,18;2;7912212;10093231;10312745;645894069;19111481;1823481;2024-11-06 10:53:45.800
0,43;0,05;0,17;0;7911853;10093308;10306803;647231086;19118229;1823185;2024-11-06 10:58:35.683
0,50;0,06;0,22;2;7910690;10093292;10310038;646679256;19132225;1823992;2024-11-06 10:58:38.665
0,27;0,44;0,18;0;7917598;10093120;10308087;647236203;19126761;1823341;2024-11-06 10:56:26.492
5,39;3,43;1,75;60;7917092;10093229;10311257;646365302;19121614;1823421;2024-11-06 10:59:09.702
0,10;0,09;0,25;1;7917570;10093234;10308254;646990125;19126244;1823833;2024-11-06 11:01:23.302
0,13;0,12;0,23;0;7910210;10093093;10307311;646198369;19105771;1823322;2024-11-06 11:02:36.038
0,24;0,24;0,21;0;7916938;10093369;10308815;647203238;19126488;1823885;2024-11-06 11:00:49.338
0,00;0,39;0,08;0;7910449;10093190;10306947;647016287;19143100;1823890;2024-11-06 11:03:48.864
0,23;0,20;0,05;0;7923916;10093304;10315268;646597445;19103552;1823192;2024-11-06 11:04:47.484
0,34;0,31;0,17;1;7921055;10093209;10309278;645264285;19149574;1823510;2024-11-06 11:05:20.379
0,26;0,06;0,14;0;7908868;10093213;10310887;647005570;19113340;1823273;2024-11-06 11:05:26.796
0,31;0,37;0,16;0;7911607;10093345;10312074;647370295;19128712;1823901;2024-11-06 11:07:06.137
0,06;0,27;0,21;0;7919262;10093192;10306666;647345118;19141289;1823623;2024-11-06 11:07:18.127
0,00;0,13;0,10;0;7908850;10093175;10312434;647410277;19120365;1823564;2024-11-06 11:05:57.744
0,16;0,36;0,09;0;7908008;10093336;10311159;646769868;19106108;1823230;2024-11-06 11:04:47.579
0,03;0,40;0,03;0;7911007;10093272;10313604;647191550;19142448;1823852;2024-11-06 11:06:23.483
0,27;0,15;0,26;1;7914526;10093091;10311585;647485196;19119127;1823521;2024-11-06 11:07:28.522
0,32;0,22;0,10;2;7902454;10093265;10312163;647497766;19131621;1823483;2024-11-06 11:09:14.435
0,32;0,21;0,31;1;7918620;10093207;10311353;646732020;19109479;1823392;2024-11-06 11:09:44.478
0,28;0,06;0,08;1;7919291;10093343;10311267;647043984;19133308;1823764;2024-11-06 11:10:02.966
0,00;0,21;0,25;0;7911326;10093178;10312888;646969855;19118104;1823791;2024-11-06 11:10:19.905
0,27;0,31;0,10;2;7914966;10093381;10313638;647019968;19133275;1823273;2024-11-06 11:13:27.356
0,16;0,25;0,22;1;7920933;10093150;10309440;646441429;19119566;1823857;2024-11-06 11:10:41.296
0,05;0,27;0,28;0;7910753;10093327;10312223;647967352;19129264;1823551;2024-11-06 11:15:35.907
0,21;0,14;0,10;0;7908491;10093374;10306969;647608874;19136170;1823781;2024-11-06 11:16:17.361
0,07;0,14;0,18;0;7910481;10093343;10313626;646671283;19121088;1823890;2024-11-06 11:17:33.395
0,14;0,20;0,25;0;7913232;10093388;10312293;646407268;19137473;1823392;2024-11-06 11:15:16.731
0,28;0,40;0,15;2;7912528;10093197;10308985;646165774;19126920;1823044;2024-11-06 11:16:24.897
0,00;0,23;0,35;0;7910933;10093185;10313403;646445871;19146217;1823935;2024-11-06 11:17:52.780
0,00;0,12;0,13;1;7905262;10093237;10311896;646357022;19142730;1823155;2024-11-06 11:19:10.404
0,21;0,27;0,19;0;7914928;10093269;10308374;647749291;19132918;1823988;2024-11-06 11:20:53.038
0,39;0,36;0,30;0;7906125;10093342;10311311;646231738;19128855;1823102;2024-11-06 11:20:14.911
0,17;0,25;0,37;0;7917623;10093163;10313390;647021889;19101005;1823739;2024-11-06 11:22:39.954
0,16;0,18;0,04;2;7913451;10093299;10309229;647210226;19142911;1823993;2024-11-06 11:20:08.429
0,07;0,20;0,23;0;7914948;10093089;10309121;647838731;19117368;1823346;2024-11-06 11:20:59.078
0,13;0,22;0,19;0;7921841;10093379;10311615;646513378;19121532;1823872;2024-11-06 11:23:48.681
0,25;0,29;0,13;0;7909647;10093420;10309398;647807488;19141077;1823735;2024-11-06 11:25:43.398
0,35;0,27;0,25;1;7906997;10093270;10312834;647340669;19102352;1823632;2024-11-06 11:26:04.914
0,22;0,43;0,18;1;7910902;10093265;10311532;646141102;19144852;1823943;2024-11-06 11:23:15.246
0,24;0,32;0,17;1;7919534;10093314;10314282;646624698;19105923;1823444;2024-11-06 11:25:52.238
0,32;0,10;0,04;1;7903822;10093303;10310368;646760474;19146130;1823893;2024-11-06 11:25:00.797
0,00;0,14;0,20;0;7917965;10093248;10310504;646811933;19145482;1823306;2024-11-06 11:25:46.465
0,46;0,10;0,13;0;7911538;10093304;10307922;647067859;19103677;1823300;2024-11-06 11:25:54.048
0,22;0,14;0,23;0;7908960;10093138;10310199;646170122;19109540;1823250;2024-11-06 11:29:28.393
0,00;0,28;0,30;1;7911665;10093183;10312011;646427230;19144682;1823811;2024-11-06 11:31:41.432
0,16;0,32;0,22;82;7919324;10093035;10307198;647007166;19139943;1823891;2024-11-06 11:29:27.178
0,26;0,32;0,22;1;7914823;10093211;10313181;646448488;19115783;1823509;2024-11-06 11:31:55.649
0,25;0,10;0,25;0;7908814;10093324;10310224;647872319;19141805;1823260;2024-11-06 11:30:38.243
3,48;2,17;1,53;70;12994489;14672566;17415368;820854265;29805654;2803207;2024-11-06 11:34:05.267
0,17;0,18;0,44;0;7916164;10093112;10308870;647510691;19128949;1823967;2024-11-06 11:35:34.165
0,51;0,03;0,01;0;7923354;10093288;10308263;647267314;19141873;1823985;2024-11-06 11:34:36.616
0,00;0,22;0,23;0;7918621;10093148;10310171;646537287;19129939;1823865;2024-11-06 11:36:02.723
0,24;0,11;0,16;0;7909020;10093315;10311716;646882689;19131667;1823109;2024-11-06 11:35:44.208
0,21;0,05;0,17;1;7913748;10093512;10307776;647732088;19123524;1823588;2024-11-06 11:35:56.399
0,35;0,25;0,38;0;7915860;10093288;10309893;647611784;19101437;1823849;2024-11-06 11:37:11.733
0,36;0,14;0,07;0;7912985;10093169;10309872;647618719;19137088;1823885;2024-11-06 11:38:47.287
0,13;0,21;0,21;1;7918242;10093025;10308786;647105641;19148835;1823508;2024-11-06 11:36:35.954
0,38;0,16;0,01;2;7917098;10093186;10307620;646687827;19115081;1823621;2024-11-06 11:39:21.813
0,17;0,15;0,00;1;7918485;10093377;10311303;646431157;19112460;1823635;2024-11-06 11:40:40.229
0,17;0,22;0,26;2;7917341;10093176;10310163;647228640;19147246;1823785;2024-11-06 11:40:33.710
0,42;0,30;0,28;0;7914419;10093391;10310819;646569456;19141121;1823661;2024-11-06 11:40:20.658
0,41;0,30;0,16;2;7911602;10093279;10310926;647098646;19128889;1823034;2024-11-06 11:40:15.323
0,25;0,42;0,31;0;7914953;10093344;10307934;647198963;19105906;1823931;2024-11-06 11:43:46.767
0,47;0,19;0,12;1;7910739;10093141;10308430;646814745;19127230;1823179;2024-11-06 11:43:56.342
0,00;0,22;0,29;2;7909461;10093401;10311021;647515290;19135350;1823897;2024-11-06 11:43:52.138
0,10;0,32;0,09;1;7918451;10093267;10311106;646412202;19117860;1823850;2024-11-06 11:46:02.556
0,07;0,29;0,11;2;7916316;10093113;10311696;646383738;19131578;1823990;2024-11-06 11:45:04.269
2,22;2,44;2,79;46;10750889;10093276;10308922;705784304;19107547;1823479;2024-11-06 11:46:56.782
0,13;0,21;0,17;2;7916457;10093196;10310133;646382328;19114785;1823880;2024-11-06 11:45:48.147
0,37;0,30;0,17;2;7911654;10093314;10308585;647062682;19136524;1823374;2024-11-06 11:49:18.886
0,37;0,12;0,24;0;7915578;10093240;10308992;647607398;19100912;1823270;2024-11-06 11:47:26.829
0,11;0,00;0,26;0;7907993;10093319;10312669;647314874;19124155;1823688;2024-11-06 11:51:59.129
0,36;0,46;0,30;0;7915652;10093413;10313509;647884385;19141847;1823962;2024-11-06 11:50:24.612
0,13;0,06;0,14;1;7917518;10093265;10309587;647280240;19115323;1823482;2024-11-06 11:52:05.113
0,00;0,24;0,31;1;7916746;10093319;10313194;646966928;19121496;1823937;2024-11-06 11:49:52.649
0,10;0,36;0,32;0;7916791;10093233;10310002;646361613;19141641;1823843;2024-11-06 11:52:18.679
0,37;0,35;0,07;1;7918338;10093290;10307956;646396999;19119804;1823664;2024-11-06 11:55:07.953
0,26;0,17;0,38;0;7918762;10093297;10311046;647665433;19102971;1823968;2024-11-06 11:55:24.122
0,33;0,28;0,10;0;7929309;10093139;10309374;646172635;19107610;1823099;2024-11-06 11:52:59.319
0,28;0,24;0,28;1;7905304;10093361;10308385;646925497;19108890;1823397;2024-11-06 11:55:25.930
4,82;3,76;2,82;93;15954272;12633695;23629968;927218687;33685062;3332865;2024-11-06 11:58:02.389
0,29;0,12;0,29;1;7910842;10093275;10311640;646983193;19147618;1823158;2024-11-06 11:58:29.615
0,27;0,16;0,18;0;7912970;10093175;10309646;646225690;19132069;1823630;2024-11-06 11:59:12.686
0,13;0,19;0,17;0;7912792;10093243;10310958;647437258;19102144;1823706;2024-11-06 11:59:53.984
0,10;0,08;0,10;0;7911563;10093214;10308460;646351941;19129143;1823973;2024-11-06 12:00:19.227
0,13;0,24;0,26;0;7911212;10093208;10308146;646984280;19106511;1823702;2024-11-06 11:59:55.897
0,07;0,29;0,02;1;7912201;10093280;10310367;648346516;19123506;1823062;2024-11-06 12:01:48.570
0,33;0,15;0,21;83;7905118;10093241;10308333;647457695;19129800;1823093;2024-11-06 12:02:48.289
0,12;0,21;0,14;1;7922694;10093217;10313665;647407075;19139134;1823994;2024-11-06 12:01:58.672
0,27;0,26;0,24;2;7904361;10093222;10311690;646975551;19121856;1823249;2024-11-06 12:01:05.053
0,00;0,21;0,37;1;7920234;10093243;10311902;646816746;19113448;1823070;2024-11-06 12:02:44.825
0,00;0,11;0,36;1;7912630;10093225;10309400;647952068;19114152;1823832;2024-11-06 12:07:08.217
0,44;0,49;0,18;2;7915478;10093098;10312953;646416110;19109670;1823807;2024-11-06 12:05:09.344
0,23;0,09;0,14;2;7909813;10093189;10308921;646725865;19109482;1823133;2024-11-06 12:03:56.290
0,33;0,09;0,22;2;7920089;10093198;10308564;646884737;19111435;1823112;2024-11-06 12:09:16.262
0,38;0,24;0,15;0;7916419;10093139;10311362;647204303;19123477;1823808;2024-11-06 12:05:38.138
0,34;0,22;0,16;5;15006533;10093279;10310750;647677009;19111419;1823271;2024-11-06 12:08:11.617
0,30;0,20;0,08;1;7910427;10093223;10311658;646986334;19127588;1823538;2024-11-06 12:07:21.132
0,10;0,13;0,19;0;7918449;10093409;10309588;646977628;19131211;1823459;2024-11-06 12:08:38.781
0,02;0,45;0,06;1;7919858;10093213;10308801;646444998;19107146;1823462;2024-11-06 12:11:30.538
0,56;0,25;0,20;1;7918433;10093184;10310003;647028168;19102841;1823744;2024-11-06 12:13:27.232
0,12;0,36;0,18;0;7906234;10093219;10310498;646553253;19142161;1823987;2024-11-06 12:14:21.316
0,08;0,15;0,32;0;7911564;10093392;10308770;647162507;19126320;1823436;2024-11-06 12:10:55.063
0,13;0,31;0,09;1;7917714;10093261;10308720;646916889;19129069;1823075;2024-11-06 12:12:20.514
0,43;0,24;0,13;1;7907976;10093300;10310391;647347510;19109721;1823067;2024-11-06 12:12:51.337
0,00;0,08;0,31;1;7915656;10093303;10308074;646509506;19141489;1823599;2024-11-06 12:13:59.288
0,35;0,34;0,09;0;7907603;10093239;10308401;646589911;19124962;1823611;2024-11-06 12:18:20.746
0,01;0,16;0,08;0;7908522;10093279;10309889;647242439;19133131;1823619;2024-11-06 12:18:56.309
0,00;0,22;0,41;2;7912138;10093332;10311632;647432599;19145991;1823117;2024-11-06 12:18:50.103
0,22;0,29;0,27;2;7917177;10093138;10306585;646223208;19114091;1823440;2024-11-06 12:20:37.755
0,16;0,29;0,09;0;7918619;10093199;10309014;646581946;19127119;1823347;2024-11-06 12:20:31.931
0,00;0,25;0,37;0;7913686;10093064;10311560;646187601;19147815;1823097;2024-11-06 12:21:17.418
0,02;0,19;0,21;0;7908956;10093222;10311430;647426089;19143588;1823261;2024-11-06 12:20:50.447
0,39;0,45;0,28;0;7912916;10093335;10310933;647253183;19145011;1823945;2024-11-06 12:22:06.999
2,63;2,94;1,70;55;7921581;10093310;10310144;646893895;19106109;1823442;2024-11-06 12:23:42.070
0,06;0,23;0,23;1;7907791;10093283;10309689;646046096;19124421;1823831;2024-11-06 12:21:14.780
0,07;0,17;0,39;0;7916782;10093116;10310972;646226348;19138434;1823979;2024-11-06 12:22:16.583
0,36;0,16;0,19;0;7920628;10093121;10307205;646708200;19143909;1823125;2024-11-06 12:26:42.588
0,36;0,04;0,00;2;7911744;10093305;10312400;646768419;19143603;1823963;2024-11-06 12:26:10.370
0,14;0,36;0,01;1;7912057;10093269;10310898;646745096;19103371;1823991;2024-11-06 12:27:01.910
0,21;0,00;0,13;0;7916267;10093151;10310117;647223436;19123045;1823106;2024-11-06 12:26:37.629
0,15;0,24;0,10;0;7912966;10093311;10310313;646706734;19143039;1823493;2024-11-06 12:29:14.223
0,23;0,31;0,00;0;7919795;10093216;10310850;647598623;19122945;1823865;2024-11-06 12:27:34.888
0,00;0,13;0,17;0;7910081;10093423;10308286;646722226;19149978;1823285;2024-11-06 12:31:09.385
0,23;0,08;0,16;0;7915587;10093216;10309813;646735333;19136763;1823997;2024-11-06 12:29:05.846
0,00;0,26;0,38;1;7914092;10093272;10311385;646365334;19143111;1823849;2024-11-06 12:32:40.027
0,46;0,24;0,36;0;7910334;10093431;10311550;647276520;19117909;1823719;2024-11-06 12:30:56.030
0,24;0,19;0,32;0;7914701;10093053;10307765;646907077;19123004;1823006;2024-11-06 12:32:03.966
0,25;0,21;0,32;0;7904244;10093264;10306364;647379856;19137114;1823673;2024-11-06 12:31:42.912
0,19;0,27;0,11;0;7920397;10093354;10311167;646935241;19148560;1823648;2024-11-06 12:34:20.072
0,29;0,14;0,29;1;7922247;10093357;10308540;647180708;19134765;1823220;2024-11-06 12:31:55.096
0,01;0,29;0,25;0;7904650;10093133;10309433;646849570;19122340;1823161;2024-11-06 12:35:37.440
0,02;0,27;0,23;1;7913028;10093174;10312097;647827703;19121258;1823795;2024-11-06 12:36:19.326
0,13;0,15;0,25;0;7912209;10093236;10311479;646045321;19103447;1823159;2024-11-06 12:38:45.625
0,40;0,23;0,16;1;7913553;10093246;10306537;647747469;19103261;1823690;2024-11-06 12:36:00.791
0,21;0,27;0,30;0;7908894;10093297;10309464;647423385;19143380;1823434;2024-11-06 12:36:06.285
0,00;0,21;0,14;0;7916161;10093297;10308584;646643913;19127143;1823279;2024-11-06 12:40:18.636
0,18;0,11;0,28;1;7912153;10092959;10309250;646480728;19107459;1823353;2024-11-06 12:38:45.791
0,07;0,16;0,26;23;20719958;10093310;10311428;646914026;19131891;1823539;2024-11-06 12:41:20.116
0,28;0,17;0,11;92;7922490;10093163;10313135;646570249;19139277;1823056;2024-11-06 12:41:02.047
0,28;0,08;0,25;0;7912372;10093218;10311220;646765429;19113843;1823785;2024-11-06 12:39:13.214
0,00;0,31;0,09;0;7916582;10093347;10309249;647591176;19118969;1823335;2024-11-06 12:41:05.801
0,27;0,14;0,34;0;7908291;10093212;10309587;647302611;19148956;1823440;2024-11-06 12:41:41.008
0,37;0,35;0,22;0;7912598;10093067;10307371;647883327;19134903;1823720;2024-11-06 12:42:54.135
0,00;0,13;0,31;1;7915048;10093342;10311085;647734791;19143781;1823825;2024-11-06 12:44:07.524
0,24;0,30;0,13;0;7916931;10093210;10309093;647447361;19148630;1823043;2024-11-06 12:45:56.075
0,34;0,42;0,36;0;7918586;10093077;10313655;647458983;19105102;1823882;2024-11-06 12:47:23.019
0,09;0,31;0,10;0;7917093;10093118;10308383;647354964;19137578;1823414;2024-11-06 12:47:05.603
0,36;0,26;0,17;0;7903425;10093229;10311066;646841617;19126544;1823021;2024-11-06 12:48:43.303
0,20;0,20;0,17;2;7914379;10093222;10312886;645896790;19140509;1823471;2024-11-06 12:48:41.180
0,12;0,12;0,22;0;7914385;10093412;10313902;646613458;19106937;1823249;2024-11-06 12:49:45.092
0,20;0,24;0,12;0;7917141;10093226;10307864;646860215;19134338;1823080;2024-11-06 12:51:08.617
0,05;0,34;0,39;0;7915224;10093261;10310304;647591117;19148877;1823347;2024-11-06 12:51:32.912
0,37;0,21;0,23;2;7917263;10093136;10312425;647867415;19111018;1823078;2024-11-06 12:50:48.349
0,37;0,07;0,00;0;7917543;10093173;10310574;647767574;19134773;1823522;2024-11-06 12:54:01.663
0,10;0,17;0,23;2;7907512;10093174;10310049;646849772;19122896;1823359;2024-11-06 12:52:04.949
0,29;0,55;0,21;0;7909791;10093391;10306822;646305545;19109597;1823262;2024-11-06 12:52:25.247
0,11;0,19;0,14;1;7913842;10093277;10312137;647045594;19110018;1823778;2024-11-06 12:53:36.181
0,12;0,34;0,12;2;7905836;10093370;10312283;646603850;19141153;1823505;2024-11-06 12:53:18.185
0,14;0,11;0,23;1;7922660;10093320;10312071;647409864;19149799;1823593;2024-11-06 12:57:22.791
0,20;0,35;0,27;1;7921197;10093204;10306523;647522625;19142139;1823650;2024-11-06 12:57:59.714
0,25;0,18;0,18;1;7926773;10093185;10308293;647042642;19120718;1823154;2024-11-06 12:57:40.906
0,38;0,49;0,27;0;7907647;10093447;10309961;646581145;19128980;1823646;2024-11-06 12:59:25.071
0,04;0,32;0,22;0;7915725;10093378;10308395;647683077;19138759;1823057;2024-11-06 12:59:00.835
0,12;0,48;0,26;0;7909398;10093047;10311617;646812909;19120342;1823472;2024-11-06 13:00:10.531
0,18;0,31;0,30;0;7920118;10093132;10312851;646710477;19124165;1823851;2024-11-06 13:01:46.039
0,00;0,08;0,22;1;7909105;10093241;10310676;646909307;19105917;1823629;2024-11-06 13:01:06.080
0,13;0,07;0,20;0;7903675;10093181;10308144;646880311;19138032;1823567;2024-11-06 13:03:44.403
0,17;0,34;0,36;2;7908411;10093449;10308441;647086263;19137464;1823667;2024-11-06 13:00:31.471
0,28;0,51;0,15;1;7905016;10093399;10308333;646819205;19131170;1823513;2024-11-06 13:02:31.337
0,03;0,18;0,12;0;7917382;10093258;10308637;647497935;19106783;1823830;2024-11-06 13:02:57.064
0,24;0,00;0,29;0;7914924;10093389;10310247;646604145;19133066;1823661;2024-11-06 13:05:20.749
0,17;0,32;0,12;0;7911798;10093227;10307701;646621838;19146374;1823448;2024-11-06 13:04:38.041
0,23;0,36;0,23;1;7913770;10093166;10312190;647216752;19139964;1823162;2024-11-06 13:07:39.549
0,09;0,33;0,26;0;7909932;10093239;10309014;648316768;19125389;1823418;2024-11-06 13:07:46.390
0,28;0,24;0,25;1;7920895;10093241;10308820;647422141;19103431;1823808;2024-11-06 13:08:18.711
0,17;0,09;0,07;0;7921646;10093263;10308820;646882832;19106193;1823571;2024-11-06 13:09:01.069
0,32;0,18;0,06;0;7915629;10093370;10312282;646720335;19147430;1823872;2024-11-06 13:10:12.297
0,39;0,25;0,32;0;7916868;10093097;10313493;647025891;19138190;1823679;2024-11-06 13:08:56.349
0,52;0,15;0,30;14;21256507;10093121;10310585;647072760;19142995;1823715;2024-11-06 13:09:37.961
0,11;0,24;0,36;1;7917477;10093135;10309776;646597516;19146454;1823960;2024-11-06 13:12:30.135
0,14;0,17;0,15;1;7907724;10093237;10308878;645535275;19124686;1823658;2024-11-06 13:10:38.324
0,51;0,35;0,16;0;7914094;10093132;10313391;647948644;19143916;1823719;2024-11-06 13:13:28.852
0,22;0,34;0,22;1;7907316;10093208;10310263;646772726;19143939;1823433;2024-11-06 13:15:54.097
0,17;0,21;0,19;0;7914261;10093143;10308565;646357707;19123763;1823316;2024-11-06 13:16:30.379
0,35;0,00;0,32;0;7920931;10093219;10304793;646819344;19122395;1823970;2024-11-06 13:14:27.997
0,19;0,10;0,15;0;7921650;10093316;10308150;646201200;19109015;1823158;2024-11-06 13:17:48.201
0,15;0,19;0,25;2;7911323;10093301;10313870;647407750;19106628;1823519;2024-11-06 13:15:04.310
0,19;0,20;0,16;1;7919903;10093187;10310090;647025598;19134506;1823038;2024-11-06 13:19:46.875
0,12;0,06;0,23;2;7913694;10093300;10308932;647610410;19140503;1823134;2024-11-06 13:18:47.918
0,07;0,43;0,03;0;7916173;10093297;10308408;647212196;19111851;1823851;2024-11-06 13:19:52.161
0,39;0,00;0,25;0;7901533;10093153;10313258;646709108;19102863;1823420;2024-11-06 13:18:49.756
0,02;0,20;0,41;1;7904841;10093144;10312994;647928851;19115566;1823992;2024-11-06 13:21:16.709
0,18;0,07;0,41;0;7921972;10093317;10308375;646975485;19149308;1823766;2024-11-06 13:22:42.640
0,18;0,26;0,35;1;7918397;10093142;10312752;647156566;19115674;1823316;2024-11-06 13:23:29.245
0,30;0,40;0,09;2;7913820;10093196;10306864;647173354;19112715;1823376;2024-11-06 13:24:25.947
0,58;0,00;0,20;2;7917202;10093262;10309773;646350391;19118466;1823796;2024-11-06 13:24:55.484
0,23;0,13;0,00;1;7919972;10093345;10310103;647114537;19127437;1823989;2024-11-06 13:25:10.527
0,36;0,25;0,29;0;7912512;10093381;10310641;647097025;19139627;1823141;2024-11-06 13:24:02.856
0,01;0,25;0,12;1;7910808;10093168;10307867;648062385;19131495;1823895;2024-11-06 13:25:33.054
0,40;0,45;0,08;0;7914356;10093120;10308608;646540936;19146622;1823866;2024-11-06 13:27:20.581
0,39;0,17;0,31;0;7917020;10093480;10307041;647629616;19118681;1823085;2024-11-06 13:29:19.892
0,37;0,10;0,30;0;7915680;10093227;10308352;646640445;19133643;1823150;2024-11-06 13:27:02.286
0,51;0,22;0,28;0;7910045;10093172;10312163;646325211;19129565;1823905;2024-11-06 13:30:08.096
0,14;0,22;0,21;0;7913104;10093289;10311385;647367318;19127190;1823054;2024-11-06 13:30:08.975
0,05;0,19;0,32;0;7918473;10093112;10310702;646010887;19115451;1823395;2024-11-06 13:31:17.526
0,21;0,45;0,11;0;7909828;10093326;10306914;646683622;19101847;1823326;2024-11-06 13:29:21.393
3,60;3,57;2,86;90;14221393;14253836;23969952;919224842;27625238;2506287;2024-11-06 13:30:15.879
0,00;0,08;0,20;0;7910356;10093220;10309091;647495119;19130962;1823712;2024-11-06 13:31:20.040
0,11;0,17;0,27;1;7911175;10093292;10310662;647070882;19130743;1823459;2024-11-06 13:32:06.795
0,03;0,37;0,42;0;7914044;10093145;10310058;647494930;19101245;1823262;2024-11-06 13:31:42.949
0,11;0,20;0,23;0;7920015;10093327;10311633;646786865;19135966;1823962;2024-11-06 13:34:15.875
0,26;0,13;0,28;0;7919756;10093305;10309265;646898136;19118881;1823243;2024-11-06 13:37:40.443
0,47;0,18;0,30;0;7915694;10093216;10307310;647105800;19115626;1823429;2024-11-06 13:36:29.127
0,21;0,44;0,11;0;7925473;10093287;10310755;646703463;19132756;1823611;2024-11-06 13:38:34.065
0,25;0,28;0,29;1;7909108;10093390;10310722;647304114;19133775;1823588;2024-11-06 13:39:59.017
0,17;0,11;0,21;0;7914936;10093111;10311586;647498262;19119088;1823439;2024-11-06 13:38:13.753
0,09;0,10;0,17;0;7914119;10093223;10309878;647110738;19115765;1823584;2024-11-06 13:36:55.644
0,00;0,07;0,00;1;7918712;10093251;10312095;646431131;19143792;1823087;2024-11-06 13:41:13.196
0,20;0,25;0,14;0;7906232;10093424;10312798;646809033;19134475;1823557;2024-11-06 13:42:53.378
0,28;0,16;0,10;1;7923136;10093084;10309428;647042161;19136316;1823020;2024-11-06 13:43:29.824
0,45;0,33;0,03;0;7913986;10093252;10309543;647309904;19102853;1823650;2024-11-06 13:43:14.915
0,00;0,17;0,25;0;7917397;10093264;10309423;646940029;19148976;1823016;2024-11-06 13:43:58.391
0,31;0,22;0,10;0;7907832;10093101;10312911;647403730;19122596;1823246;2024-11-06 13:44:27.826
0,18;0,17;0,14;1;7919466;10093440;10308789;647569207;19148181;1823774;2024-11-06 13:43:03.808
0,20;0,19;0,35;0;7913949;10093279;10310496;646187200;19123088;1823559;2024-11-06 13:45:45.139
0,24;0,15;0,06;1;7911414;10093197;10312059;646468105;19111474;1823850;2024-11-06 13:46:33.853
0,08;0,25;0,07;0;7910704;10093083;10311840;646849318;19141401;1823186;2024-11-06 13:48:22.729
0,20;0,33;0,13;1;7912440;10093144;10307882;646539708;19129994;1823037;2024-11-06 13:46:19.066
0,13;0,17;0,23;0;7909543;10093281;10310970;646766088;19113072;1823907;2024-11-06 13:48:25.211
0,08;0,23;0,18;0;7915101;10093406;10310137;646680384;19133776;1823407;2024-11-06 13:47:01.330
0,07;0,12;0,05;0;7918663;10093026;10310976;646565968;19102399;1823771;2024-11-06 13:52:03.496
0,12;0,11;0,34;0;7914081;10093329;10312601;647081702;19103132;1823886;2024-11-06 13:49:47.300
0,02;0,19;0,13;0;7911482;10093240;10309731;647206054;19124118;1823447;2024-11-06 13:51:44.286
0,28;0,20;0,24;0;7911253;10093381;10308868;647598593;19125339;1823347;2024-11-06 13:53:04.779
0,00;0,17;0,17;1;7915394;10093336;10307501;646446008;19132605;1823376;2024-11-06 13:52:00.520
0,00;0,38;0,23;2;7908578;10093205;10312363;646860940;19105414;1823744;2024-11-06 13:55:35.279
0,15;0,13;0,10;0;7919916;10093417;10308029;647702471;19139482;1823842;2024-11-06 13:55:32.082
0,13;0,28;0,34;0;7913274;10093217;10311602;646445023;19121050;1823105;2024-11-06 13:54:12.571
0,37;0,24;0,14;1;7910979;10093111;10308927;646867981;19119375;1823313;2024-11-06 13:54:05.343
0,04;0,21;0,25;1;7912932;10093316;10308385;647501691;19127925;1823170;2024-11-06 13:57:58.631
0,22;0,41;0,44;0;7911648;10093207;10309507;647297851;19102775;1823744;2024-11-06 13:58:42.368
0,40;0,14;0,24;0;7913320;10093311;10313018;646879835;19117993;1823654;2024-11-06 13:58:40.644
0,00;0,31;0,12;1;7913284;10093328;10310594;646949139;19141780;1823415;2024-11-06 13:56:54.078
0,11;0,00;0,27;2;7912735;10093401;10310796;646729437;19149145;1823695;2024-11-06 14:00:16.538
0,36;0,36;0,18;0;7919968;10093194;10310319;647285704;19109357;1823869;2024-11-06 13:59:16.999
0,32;0,29;0,17;0;7919468;10093237;10308861;646722831;19104406;1823241;2024-11-06 14:02:24.036
0,49;0,13;0,33;0;7908322;10093298;10310594;647810613;19137174;1823033;2024-11-06 14:02:32.379
0,10;0,11;0,19;0;7922324;10093161;10304823;647029883;19124311;1823380;2024-11-06 14:01:28.712
0,34;0,10;0,28;0;7908820;10093235;10311505;646406267;19137612;1823140;2024-11-06 14:04:42.800
0,23;0,37;0,25;0;7910396;10093401;10311316;646069776;19120603;1823665;2024-11-06 14:06:11.384
0,33;0,15;0,22;0;7919040;10093195;10306708;647752772;19101698;1823753;2024-11-06 14:04:47.261
0,37;0,21;0,29;1;7912153;10093259;10309711;646835527;19125361;1823935;2024-11-06 14:04:45.523
0,25;0,08;0,17;0;7915572;10093433;10307664;647260276;19117058;1823720;2024-11-06 14:08:42.123
0,29;0,00;0,24;1;7918401;10093308;10309832;647166620;19118715;1823710;2024-11-06 14:08:28.224
0,23;0,02;0,22;0;7912164;10093179;10314969;647626307;19108895;1823873;2024-11-06 14:09:36.209
0,03;0,26;0,35;0;7906519;10093257;10310248;646362753;19146751;1823455;2024-11-06 14:06:47.474
0,26;0,35;0,35;1;7912753;10093500;10305884;647178108;19120944;1823683;2024-11-06 14:07:39.849
0,00;0,23;0,15;0;7916534;10093237;10308348;646619854;19136044;1823555;2024-11-06 14:10:37.744
0,49;0,27;0,03;0;7916753;10093230;10310009;647409944;19110322;1823728;2024-11-06 14:10:53.934
0,38;0,12;0,20;0;7911269;10093309;10309535;647014625;19133341;1823229;2024-11-06 14:10:39.832
0,16;0,21;0,37;2;7925953;10093287;10309800;646202181;19109101;1823242;2024-11-06 14:10:57.210
0,09;0,20;0,13;0;7910950;10093407;10310057;647059105;19136308;1823586;2024-11-06 14:14:52.027
0,10;0,36;0,18;2;7911395;10093091;10309877;646723970;19136152;1823132;2024-11-06 14:14:33.490
0,45;0,44;0,08;0;7908389;10093222;10308367;647108708;19126093;1823734;2024-11-06 14:12:54.068
0,15;0,25;0,30;0;7908678;10093349;10308542;648074241;19126832;1823843;2024-11-06 14:17:00.551
0,44;0,21;0,10;0;7908225;10093337;10309939;647463433;19142096;1823075;2024-11-06 14:14:17.131
3,75;2,69;2,78;86;15355308;13544226;15995797;753205631;27779998;2469137;2024-11-06 14:18:15.488
0,53;0,21;0,24;1;7910309;10093268;10310920;647097421;19111925;1823786;2024-11-06 14:19:52.670
0,05;0,24;0,35;1;7916243;10093346;10309525;647374950;19103631;1823851;2024-11-06 14:17:01.453
0,24;0,11;0,23;0;7909041;10093186;10310378;647148622;19119931;1823168;2024-11-06 14:17:43.543
0,02;0,35;0,26;1;7910476;10093096;10309710;646777028;19114776;1823354;2024-11-06 14:18:47.338
0,22;0,18;0,00;0;7912058;10093219;10311267;646650900;19105168;1823256;2024-11-06 14:22:35.938
0,45;0,00;0,33;1;7912878;10093335;10310159;647569777;19117986;1823128;2024-11-06 14:20:35.665
0,14;0,09;0,34;1;7913432;10093272;10312469;646484022;19106122;1823514;2024-11-06 14:22:15.644
0,29;0,15;0,19;1;7914361;10093099;10308442;647675536;19110105;1823175;2024-11-06 14:21:51.620
0,33;0,21;0,22;1;7912528;10093385;10309599;647115921;19102699;1823845;2024-11-06 14:24:02.883
0,37;0,13;0,36;0;7906347;10093412;10309254;646878650;19142038;1823789;2024-11-06 14:22:09.085
0,00;0,17;0,10;0;7910961;10093236;10311915;647103801;19137495;1823426;2024-11-06 14:24:55.682
0,25;0,09;0,11;1;7922993;10093176;10313312;646878469;19135754;1823296;2024-11-06 14:23:40.522
0,20;0,35;0,33;0;7913445;10093211;10309888;647168978;19144891;1823415;2024-11-06 14:26:44.506
5,01;3,77;2,08;94;7920690;10093286;10309738;647552470;19103926;1823161;2024-11-06 14:27:27.475
0,00;0,16;0,12;0;7913827;10093030;10312639;646875095;19130437;1823208;2024-11-06 14:29:25.435
0,25;0,25;0,33;0;7904690;10093261;10312292;646951006;19120485;1823882;2024-11-06 14:29:19.636
0,06;0,15;0,16;2;7910394;10093234;10313016;646701317;19122634;1823998;2024-11-06 14:29:53.769
0,13;0,28;0,18;2;7907354;10093243;10309802;647487839;19124283;1823527;2024-11-06 14:31:19.137
0,05;0,34;0,19;0;7908460;10093119;10313868;646920041;19115842;1823477;2024-11-06 14:33:27.111
0,34;0,02;0,46;0;7918466;10093224;10309387;647367299;19116247;1823144;2024-11-06 14:30:27.280
0,30;0,24;0,20;0;7916805;10093075;10309257;646176568;19125175;1823884;2024-11-06 14:30:59.053
1,42;1,85;3,20;35;10219865;10093310;10308412;690816458;19121458;1823956;2024-11-06 14:34:29.260
0,22;0,28;0,00;2;7909715;10093137;10309487;646730976;19110442;1823510;2024-11-06 14:34:20.199
0,32;0,00;0,20;0;7916791;10093435;10309036;647162229;19120220;1823509;2024-11-06 14:36:48.489
0,00;0,00;0,28;0;7913972;10093367;10307253;647259951;19133124;1823468;2024-11-06 14:33:21.094
0,48;0,27;0,23;1;7914042;10093092;10312711;646694571;19123127;1823049;2024-11-06 14:35:58.225
0,28;0,03;0,08;0;7921175;10093215;10312906;646960884;19139158;1823903;2024-11-06 14:35:05.295
0,23;0,63;0,24;10;8639737;10093252;10306913;904339698;39213193;2725437;2024-11-06 14:39:25.299
0,00;0,29;0,21;0;7916357;10093355;10310397;647815785;19147677;1823374;2024-11-06 14:39:50.140
0,29;0,13;0,18;0;7902693;10093159;10309238;647273136;19126252;1823052;2024-11-06 14:40:21.383
0,09;0,07;0,01;0;7911017;10093445;10310542;647469789;19136256;1823295;2024-11-06 14:42:27.204
0,06;0,03;0,08;1;7913514;10093050;10307986;646706819;19129514;1823782;2024-11-06 14:39:02.405
0,00;0,00;0,23;2;7914229;10093327;10307779;647379961;19140844;1823696;2024-11-06 14:43:51.293
0,43;0,25;0,14;0;7914725;10093184;10308351;647341630;19125814;1823382;2024-11-06 14:40:55.134
0,18;0,36;0,16;0;7912294;10093193;10307759;647407212;19149477;1823147;2024-11-06 14:43:33.584
0,53;0,17;0,13;1;7910273;10093182;10313299;646640759;19126305;1823512;2024-11-06 14:43:06.631
0,11;0,07;0,23;0;7913663;10093136;10308214;647766466;19108980;1823730;2024-11-06 14:42:30.047
0,20;0,23;0,21;0;7920973;10093145;10309207;646915517;19134034;1823467;2024-11-06 14:45:45.843
0,00;0,11;0,30;1;7917801;10093343;10308821;646767152;19109160;1823335;2024-11-06 14:44:56.635
0,00;0,33;0,31;0;7919419;10093410;10310844;647778440;19140402;1823757;2024-11-06 14:47:08.170
0,17;0,01;0,29;0;7904980;10093267;10311910;647162129;19133247;1823848;2024-11-06 14:47:43.622
0,54;0,00;0,19;0;7914087;10093115;10307692;646577435;19146447;1823576;2024-11-06 14:50:15.558
0,04;0,21;0,14;2;7915589;10093314;10311163;646794936;19101090;1823377;2024-11-06 14:49:13.497
0,24;0,34;0,24;0;7923294;10093348;10313436;645753828;19127298;1823597;2024-11-06 14:50:14.706
0,21;0,18;0,19;1;7909975;10093289;10306383;647201718;19145091;1823644;2024-11-06 14:50:47.835
0,08;0,16;0,24;0;7914393;10093355;10308060;646959647;19117401;1823990;2024-11-06 14:49:08.625
0,33;0,26;0,24;0;7919540;10093209;10308766;647287952;19138241;1823491;2024-11-06 14:51:36.756
0,18;0,35;0,24;1;7910883;10093283;10308194;647473464;19147263;1823634;2024-11-06 14:51:52.549
0,00;0,37;0,23;2;7913177;10093326;10311022;647665190;19144612;1823248;2024-11-06 14:54:24.154
3,39;3,30;2,97;73;17470911;13317391;15399479;822458698;25200829;2239714;2024-11-06 14:52:11.600
0,40;0,28;0,29;0;7910658;10093243;10307883;645750969;19109924;1823422;2024-11-06 14:56:25.328
0,23;0,29;0,23;1;7904252;10093214;10305563;647684850;19140073;1823942;2024-11-06 14:55:09.430
0,04;0,37;0,29;2;7909497;10093136;10310700;646577837;19148223;1823744;2024-11-06 14:58:11.915
0,22;0,16;0,02;0;7902847;10093272;10308876;646723455;19133992;1823212;2024-11-06 14:55:26.740
0,30;0,36;0,17;1;7912297;10093300;10307286;647111576;19131350;1823538;2024-11-06 15:00:27.340
0,28;0,30;0,01;0;7910193;10093162;10310199;647240372;19130124;1823934;2024-11-06 14:59:37.328
0,42;0,16;0,15;1;7919748;10093279;10312535;647144364;19123218;1823692;2024-11-06 15:01:42.358
0,03;0,06;0,04;0;7917310;10093368;10313698;647421552;19112600;1823980;2024-11-06 15:00:10.639
0,37;0,15;0,08;1;7918250;10093291;10310214;647193685;19119562;1823230;2024-11-06 15:00:46.292
0,25;0,37;0,33;0;7916721;10093334;10311028;646769415;19146196;1823212;2024-11-06 15:01:57.808
0,31;0,05;0,31;0;7908027;10093278;10308309;647276694;19122859;1823573;2024-11-06 15:04:20.332
0,19;0,03;0,24;0;7911110;10093338;10310002;647197710;19137583;1823692;2024-11-06 15:03:15.301
0,06;0,15;0,15;0;7918283;10093417;10308389;647538424;19122618;1823977;2024-11-06 15:06:18.398
0,00;0,08;0,10;0;7907237;10093091;10310825;646892966;19118850;1823978;2024-11-06 15:03:39.304
0,26;0,30;0,23;0;7917288;10093243;10307626;647528907;19142989;1823262;2024-11-06 15:03:50.363
0,11;0,11;0,18;0;7909435;10093208;10310688;647174170;19135296;1823277;2024-11-06 15:08:00.224
0,07;0,16;0,31;0;7916482;10093457;10312360;647572146;19108996;1823111;2024-11-06 15:09:27.729
0,00;0,31;0,19;0;7911245;10093266;10311890;647250415;19143898;1823926;2024-11-06 15:07:27.254
0,07;0,31;0,14;1;7915083;10093219;10309562;647383121;19115259;1823053;2024-11-06 15:10:41.236
0,04;0,45;0,02;0;7911011;10093287;10311168;646949762;19147012;1823483;2024-11-06 15:07:46.433
0,19;0,27;0,18;2;7920965;10093333;10311745;646516921;19109009;1823005;2024-11-06 15:08:31.714
0,19;0,18;0,10;0;7915800;10093196;10311310;646464904;19126667;1823668;2024-11-06 15:13:06.974
0,46;0,11;0,22;1;7917959;10093192;10311704;646385408;19113071;1823774;2024-11-06 15:13:13.500
0,42;0,22;0,14;0;7912504;10093330;10308831;646625321;19142329;1823060;2024-11-06 15:12:22.336
0,17;0,08;0,38;1;7911168;10093333;10310418;646507732;19115218;1823547;2024-11-06 15:11:25.683
0,20;0,31;0,18;0;7919965;10093352;10311837;646770171;19127386;1823903;2024-11-06 15:11:44.957
0,04;0,15;0,22;0;7916728;10093032;10309983;647079044;19126017;1823806;2024-11-06 15:13:40.979
0,16;0,37;0,24;1;7920550;10093228;10311874;647817533;19118970;1823897;2024-11-06 15:17:08.195
0,40;0,09;0,17;0;7912274;10093298;10311372;646580553;19137221;1823617;2024-11-06 15:13:59.009
0,21;0,00;0,34;0;7911438;10093255;10309380;647573013;19118649;1823465;2024-11-06 15:15:19.973
0,00;0,22;0,19;0;7911731;10093422;10308225;647385898;19108794;1823871;2024-11-06 15:19:48.549
0,25;0,37;0,13;0;7910335;10093359;10310850;646227531;19112636;1823828;2024-11-06 15:20:13.490
0,12;0,27;0,28;0;7910603;10092958;10311046;646389839;19147914;1823469;2024-11-06 15:17:37.346
0,00;0,00;0,28;0;7914643;10093227;10312778;647318662;19100923;1823754;2024-11-06 15:19:36.753
0,72;0,14;0,25;23;19639362;10093278;10309654;647183547;19144197;1823775;2024-11-06 15:21:02.829
0,18;0,49;0,26;1;7908625;10093262;10308400;646876143;19141859;1823918;2024-11-06 15:20:33.184
0,06;0,47;0,13;0;7917437;10093217;10307683;647098824;19133769;1823335;2024-11-06 15:23:07.867
0,26;0,29;0,00;1;7907825;10093345;10308152;647101472;19106251;1823189;2024-11-06 15:21:09.420
0,01;0,31;0,29;0;7917659;10093353;10313127;646412962;19116256;1823006;2024-11-06 15:22:21.500
0,08;0,33;0,31;0;7910628;10093175;10308695;646197452;19129277;1823771;2024-11-06 15:24:08.402
0,01;0,07;0,17;0;7915354;10093293;10308982;646758006;19138172;1823740;2024-11-06 15:24:56.345
0,22;0,04;0,30;1;7920426;10093187;10309203;647621656;19123563;1823709;2024-11-06 15:23:30.274
0,18;0,29;0,19;1;7921781;10093299;10311095;647283153;19107747;1823476;2024-11-06 15:26:10.065
0,12;0,16;0,28;0;7914632;10093132;10313746;647489035;19144962;1823514;2024-11-06 15:27:32.167
0,21;0,19;0,22;0;7916587;10093046;10314224;646605057;19141858;1823938;2024-11-06 15:28:19.723
0,20;0,22;0,40;1;7913559;10093408;10310813;646519057;19114473;1823224;2024-11-06 15:28:56.385
0,22;0,21;0,09;0;7915788;10093252;10311112;647096676;19129817;1823765;2024-11-06 15:28:18.501
0,10;0,31;0,14;1;7898501;10093262;10308891;647191065;19135994;1823934;2024-11-06 15:31:06.436
0,50;0,46;0,18;1;7909867;10093308;10309259;647195888;19143522;1823845;2024-11-06 15:32:41.794
0,10;0,25;0,12;0;7919921;10093191;10311322;646367616;19144586;1823772;2024-11-06 15:31:16.798
0,32;0,10;0,23;0;7919116;10093230;10307941;647248406;19134614;1823720;2024-11-06 15:30:51.551
0,43;0,44;0,33;13;8772135;10093252;10310045;1180111689;26036128;3648503;2024-11-06 15:34:00.081
0,31;0,00;0,28;1;7913878;10093370;10307809;645411648;19135170;1823153;2024-11-06 15:35:58.211
0,24;0,25;0,03;2;7909107;10093525;10309388;647365479;19134101;1823452;2024-11-06 15:33:49.344
0,10;0,00;0,18;0;7912671;10093210;10309770;647132134;19146983;1823597;2024-11-06 15:34:09.713
0,18;0,07;0,25;1;7904253;10093044;10311478;647253510;19129195;1823828;2024-11-06 15:38:05.095
0,19;0,05;0,13;0;7912686;10093090;10308521;647326165;19133636;1823425;2024-11-06 15:35:08.475
0,41;0,17;0,28;0;7904429;10093315;10308392;647153672;19136621;1823473;2024-11-06 15:39:18.591
0,16;0,38;0,11;0;7917138;10093222;10309683;646908073;19125948;1823260;2024-11-06 15:38:47.758
0,07;0,22;0,19;0;7915206;10093258;10311595;647461754;19137900;1823074;2024-11-06 15:36:56.782
0,04;0,32;0,08;0;7916939;10093311;10306177;647046489;19145900;1823065;2024-11-06 15:38:03.444
0,13;0,13;0,34;0;7910731;10093169;10310151;647342794;19130937;1823032;2024-11-06 15:43:02.063
0,18;0,36;0,25;0;7903108;10093197;10308876;647239680;19108875;1823784;2024-11-06 15:41:36.428
0,00;0,53;0,25;0;7914744;10093368;10314687;647435373;19129395;1823890;2024-11-06 15:43:30.392
0,34;0,24;0,19;0;7911621;10093167;10308625;646324722;19144743;1823987;2024-11-06 15:43:53.393
0,19;0,02;0,22;1;7913818;10093264;10308955;648538430;19122791;1823121;2024-11-06 15:46:01.139
0,40;0,07;0,22;0;7910959;10093148;10307319;647216108;19134658;1823130;2024-11-06 15:43:41.563
0,10;0,34;0,30;0;7920869;10093164;10310950;647316227;19149556;1823023;2024-11-06 15:44:49.875
0,13;0,13;0,36;1;7915137;10093313;10308355;646390357;19147126;1823557;2024-11-06 15:46:12.485
0,11;0,21;0,09;0;7913950;10093081;10307759;647335455;19115051;1823253;2024-11-06 15:48:02.557
0,29;0,17;0,10;0;7908862;10093212;10311289;647464122;19118064;1823193;2024-11-06 15:49:05.362
1,29;1,79;1,68;51;12512826;10093198;10312650;720499475;19140299;1823784;2024-11-06 15:46:52.033
0,22;0,32;0,16;0;7908344;10093292;10312003;647445261;19104409;1823103;2024-11-06 15:46:48.252
0,25;0,23;0,11;1;7918326;10093330;10307723;647182239;19144041;1823720;2024-11-06 15:47:42.468
0,30;0,33;0,19;1;7909712;10093199;10307985;646974469;19102899;1823411;2024-11-06 15:48:34.256
0,16;0,48;0,29;1;7918847;10093297;10309265;646862305;19114238;1823772;2024-11-06 15:52:39.245
0,56;0,53;0,34;19;8500141;10093220;10308811;1055289766;28928578;3708190;2024-11-06 15:50:08.146
0,29;0,20;0,21;1;7910359;10093424;10312080;646630114;19144075;1823838;2024-11-06 15:53:08.605
0,00;0,17;0,24;0;7915201;10093375;10311579;647484784;19109388;1823676;2024-11-06 15:53:54.248
0,25;0,05;0,18;0;7919300;10093244;10311006;646840625;19119693;1823281;2024-11-06 15:56:21.231
0,05;0,21;0,23;1;7910721;10093226;10308121;647559622;19148182;1823933;2024-11-06 15:53:11.583
0,16;0,39;0,35;1;7913594;10093149;10305828;646263981;19127997;1823569;2024-11-06 15:54:54.656
0,00;0,39;0,21;0;7915948;10093027;10307604;647443539;19142160;1823687;2024-11-06 15:58:23.049
0,24;0,20;0,26;1;7922178;10093227;10310138;647096298;19120888;1823713;2024-11-06 15:58:10.823
0,56;0,00;0,27;0;7913425;10093306;10308685;646975517;19119653;1823385;2024-11-06 15:59:13.428
0,31;0,59;0,28;1;7909759;10093207;10309093;646102178;19131032;1823246;2024-11-06 15:57:59.791
1,37;2,23;2,61;34;13298068;10093216;10308531;699156646;19130344;1823936;2024-11-06 15:59:05.315
0,18;0,23;0,23;0;7911222;10093252;10311574;647064769;19127296;1823570;2024-11-06 15:58:24.589
0,21;0,28;0,27;0;7913686;10093202;10310378;646203018;19115915;1823261;2024-11-06 16:03:11.140
0,17;0,00;0,03;1;7904869;10093354;10310027;646368975;19105181;1823944;2024-11-06 16:01:09.346
0,27;0,34;0,25;0;7913056;10093273;10311802;646765377;19106059;1823548;2024-11-06 16:04:00.888
0,20;0,19;0,04;0;7918582;10093455;10308252;647481340;19124718;1823689;2024-11-06 16:02:32.054
0,07;0,24;0,35;0;7911397;10093248;10306396;646667897;19112331;1823823;2024-11-06 16:02:00.916
0,00;0,27;0,28;0;7912891;10093278;10309348;647370272;19113689;1823890;2024-11-06 16:07:11.227
0,22;0,00;0,29;0;7912052;10093122;10309122;646048965;19113881;1823959;2024-11-06 16:06:00.317
0,01;0,24;0,22;0;7915532;10093250;10308614;646972770;19148947;1823772;2024-11-06 16:05:32.777
0,13;0,02;0,12;0;7918447;10093408;10311302;647771848;19145588;1823618;2024-11-06 16:08:45.958
0,21;0,43;0,41;0;7905332;10093272;10310172;646787948;19136181;1823329;2024-11-06 16:07:09.415
0,27;0,22;0,13;0;7913866;10093370;10310365;647313477;19134973;1823664;2024-11-06 16:08:34.399
0,16;0,27;0,08;0;7911501;10093239;10307447;646584891;19123569;1823525;2024-11-06 16:09:58.323
0,25;0,24;0,28;0;7910997;10093255;10308656;647353064;19147344;1823480;2024-11-06 16:11:54.488
0,38;0,28;0,31;0;7914162;10093330;10310150;646487535;19124294;1823320;2024-11-06 16:11:08.958
0,24;0,10;0,43;1;7912329;10093314;10309975;646383193;19114501;1823759;2024-11-06 16:12:41.047
0,00;0,31;0,35;0;7910325;10093084;10309349;646531441;19136261;1823957;2024-11-06 16:11:09.017
0,10;0,29;0,19;0;7909852;10093308;10311333;646831471;19112857;1823337;2024-11-06 16:14:13.309
0,22;0,28;0,24;1;7914203;10093393;10311165;646774660;19116104;1823511;2024-11-06 16:13:22.398
0,13;0,15;0,26;1;7910886;10093207;10312116;647095815;19122122;1823263;2024-11-06 16:16:51.686
0,38;0,32;0,08;1;7913489;10093348;10307555;647209855;19148470;1823502;2024-11-06 16:17:05.758
0,19;0,01;0,21;1;7909812;10093133;10310018;646034573;19123080;1823173;2024-11-06 16:17:35.176
0,10;0,53;0,27;1;7909592;10093390;10308015;646723152;19132002;1823188;2024-11-06 16:15:36.755
5,46;1,89;1,53;83;7916748;10093430;10307396;646073490;19102216;1823859;2024-11-06 16:19:47.672
0,18;0,22;0,22;2;7911768;10093229;10310735;647520215;19143792;1823049;2024-11-06 16:16:33.991
0,00;0,18;0,22;0;7909410;10093423;10308729;646979353;19141333;1823236;2024-11-06 16:16:43.432
0,28;0,15;0,02;0;7911856;10093352;10309326;646576782;19100599;1823223;2024-11-06 16:17:59.741
0,34;0,18;0,15;0;7914747;10093327;10314763;647413618;19103961;1823632;2024-11-06 16:22:28.478
0,37;0,16;0,10;0;7914311;10093260;10307842;646912352;19101030;1823006;2024-11-06 16:23:02.691
0,26;0,26;0,25;0;7915454;10093199;10308972;646400524;19100776;1823017;2024-11-06 16:24:12.578
0,47;0,22;0,18;0;7909356;10093543;10307853;646785576;19135110;1824000;2024-11-06 16:24:56.757
0,26;0,29;0,30;1;7923038;10093300;10307887;646871527;19145734;1823690;2024-11-06 16:23:36.017
0,25;0,47;0,06;0;7920012;10093267;10311675;646949002;19107013;1823940;2024-11-06 16:25:35.845
0,07;0,31;0,27;0;7918860;10093248;10308800;646220606;19115792;1823196;2024-11-06 16:23:29.549
0,32;0,27;0,10;2;7911307;10093203;10307034;646591158;19123228;1823273;2024-11-06 16:27:54.264
0,03;0,17;0,13;0;7905864;10093452;10312505;646610490;19126609;1823470;2024-11-06 16:27:33.082
0,24;0,27;0,32;1;7909906;10093359;10308904;646332068;19114801;1823307;2024-11-06 16:29:44.255
0,31;0,37;0,46;2;7908001;10093319;10309180;647391679;19142591;1823777;2024-11-06 16:26:21.685
0,00;0,07;0,12;0;7914394;10093185;10311318;647513447;19124855;1823386;2024-11-06 16:26:41.098
0,29;0,41;0,24;0;7907915;10093386;10308789;647455209;19141729;1823009;2024-11-06 16:31:52.499
0,44;0,27;0,05;0;7909408;10093382;10309661;647039786;19128436;1823660;2024-11-06 16:29:22.086
1,99;2,65;1,67;31;10928314;10093325;10311715;739992031;19134613;1823941;2024-11-06 16:31:29.593
0,28;0,12;0,18;0;7906497;10093215;10311947;646626575;19145369;1823908;2024-11-06 16:29:46.240
0,49;0,05;0,17;0;7910717;10093231;10312742;646507772;19103051;1823946;2024-11-06 16:35:00.498
0,13;0,30;0,21;0;7914875;10093153;10309856;647565789;19135588;1823577;2024-11-06 16:31:33.717
0,00;0,14;0,02;2;7916684;10093372;10309633;646497239;19120610;1823016;2024-11-06 16:31:56.188
0,05;0,18;0,17;0;7918559;10093183;10310870;646847264;19149299;1823840;2024-11-06 16:34:11.615
0,09;0,18;0,23;0;7918574;10093224;10307592;647499857;19119613;1823166;2024-11-06 16:36:33.973
0,07;0,25;0,20;1;7913207;10093201;10311240;645208968;19125503;1823693;2024-11-06 16:38:43.252
0,37;0,11;0,24;0;7915775;10093377;10310395;646585445;19149519;1823757;2024-11-06 16:39:16.347
3,95;2,93;1,93;93;17769668;12938533;15980445;855363433;23315798;3250238;2024-11-06 16:36:36.828
0,00;0,20;0,05;0;7920816;10093219;10309022;647794470;19128645;1823237;2024-11-06 16:39:07.056
0,01;0,08;0,09;1;7913660;10093293;10311479;648285997;19140230;1823977;2024-11-06 16:37:33.357
0,00;0,29;0,14;0;7911067;10093188;10308182;647842262;19101941;1823649;2024-11-06 16:41:03.811
0,33;0,22;0,34;0;7906437;10093116;10305644;646650292;19132152;1823233;2024-11-06 16:40:44.821
0,22;0,23;0,21;0;7906944;10093330;10310479;647366527;19128301;1823190;2024-11-06 16:42:12.579
0,00;0,26;0,08;2;7912013;10093303;10310182;646574230;19140541;1823302;2024-11-06 16:43:09.089
0,20;0,04;0,32;0;7912973;10093361;10308946;646738212;19105376;1823274;2024-11-06 16:42:46.747
0,09;0,33;0,13;1;7917222;10093211;10306048;646714842;19141543;1823157;2024-11-06 16:42:43.398
0,02;0,22;0,08;0;7918629;10093240;10309644;647327946;19106982;1823093;2024-11-06 16:45:29.332
0,34;0,22;0,12;0;7905130;10093181;10308765;647053528;19129146;1823368;2024-11-06 16:42:57.988
0,15;0,30;0,14;0;7913714;10093368;10310683;646969981;19105721;1823191;2024-11-06 16:45:58.107
0,11;0,14;0,11;1;7911294;10093325;10309556;646325113;19136355;1823524;2024-11-06 16:48:05.470
0,47;0,26;0,06;0;7911790;10093261;10313409;646445943;19105873;1823362;2024-11-06 16:48:38.108
0,35;0,39;0,14;1;7912612;10093146;10309593;646981705;19139193;1823803;2024-11-06 16:50:38.097
0,30;0,35;0,13;0;7904163;10093247;10310587;647124708;19100808;1823298;2024-11-06 16:49:26.905
0,15;0,23;0,35;2;7915908;10093212;10308999;646915073;19105550;1823742;2024-11-06 16:50:56.406
0,45;0,20;0,20;0;7911588;10093359;10313919;647225306;19137483;1823533;2024-11-06 16:52:56.949
0,21;0,22;0,00;0;7917725;10093263;10310856;646644268;19111108;1823142;2024-11-06 16:50:21.718
0,14;0,17;0,30;0;7912106;10093458;10310861;646362158;19132317;1823149;2024-11-06 16:51:57.315
0,18;0,14;0,00;0;7921997;10093320;10311066;647082701;19118085;1823431;2024-11-06 16:50:57.175
0,00;0,16;0,28;2;7908743;10092996;10309545;646929121;19105041;1823369;2024-11-06 16:53:43.507
0,22;0,31;0,26;0;7915293;10093369;10306962;647252290;19147244;1823640;2024-11-06 16:54:03.990
0,29;0,07;0,05;1;7910270;10093183;10311506;646692730;19112815;1823468;2024-11-06 16:56:53.622
0,07;0,15;0,31;0;7914065;10093232;10309779;647646030;19100443;1823971;2024-11-06 16:54:19.142
0,09;0,38;0,22;2;7913197;10093500;10307888;646823157;19140644;1823389;2024-11-06 16:57:32.348
0,02;0,33;0,37;0;7922349;10093372;10309604;646817379;19128220;1823835;2024-11-06 16:57:43.461
0,00;0,46;0,25;0;7911540;10093382;10308054;647203311;19139532;1823970;2024-11-06 16:56:49.315
0,17;0,30;0,19;0;7906745;10093257;10312097;646985391;19111641;1823987;2024-11-06 16:58:07.502
0,32;0,09;0,20;0;7910877;10093324;10310062;647345036;19148160;1823711;2024-11-06 17:00:33.334
0,36;0,30;0,23;2;7909008;10093249;10308933;646827968;19115887;1823333;2024-11-06 17:02:06.603
0,14;0,10;0,00;2;7910659;10093269;10307303;647007841;19125751;1823373;2024-11-06 17:01:52.293
0,49;0,34;0,36;1;7915955;10093366;10308552;646677829;19113094;1823606;2024-11-06 17:00:23.977
0,00;0,36;0,35;1;7911234;10093224;10308492;647191326;19136051;1823027;2024-11-06 17:04:49.188
0,37;0,01;0,24;1;7912616;10093261;10310917;646905898;19113739;1823448;2024-11-06 17:04:51.988
0,18;0,19;0,30;1;7916093;10093272;10307458;646810710;19104532;1823838;2024-11-06 17:04:09.871
0,33;0,22;0,27;0;7922832;10093353;10310186;646744505;19109121;1823648;2024-11-06 17:05:54.705
0,00;0,20;0,17;0;7915951;10093234;10309359;646110300;19143166;1823157;2024-11-06 17:05:45.253
0,06;0,28;0,37;0;7913512;10093282;10311904;646594553;19104847;1823459;2024-11-06 17:07:31.827
0,26;0,13;0,29;0;7914757;10093279;10308434;647353516;19135020;1823518;2024-11-06 17:08:45.610
0,51;0,10;0,17;0;7915158;10093328;10308880;645583484;19123562;1823718;2024-11-06 17:08:59.570
0,40;0,31;0,03;1;7910962;10093406;10312895;647469320;19105569;1823111;2024-11-06 17:10:44.622
0,17;0,23;0,19;1;7919641;10093162;10308388;647505137;19123265;1823170;2024-11-06 17:09:02.689
0,19;0,39;0,13;1;7913726;10093157;10310014;646260726;19144398;1823662;2024-11-06 17:08:02.590
0,13;0,05;0,27;0;7917582;10093076;10312667;648248707;19128210;1823108;2024-11-06 17:11:49.789
0,21;0,14;0,48;0;7907405;10093252;10310359;647672573;19114549;1823522;2024-11-06 17:09:15.103
0,25;0,16;0,10;1;7912290;10093149;10310095;646717901;19145066;1823589;2024-11-06 17:14:20.585
0,00;0,37;0,15;0;7907659;10093233;10310136;646126766;19125633;1823474;2024-11-06 17:12:33.467
0,25;0,09;0,37;0;7916619;10093210;10308509;646947516;19101609;1823494;2024-11-06 17:15:41.158
0,29;0,22;0,18;0;7914291;10093189;10309313;645957103;19105626;1823118;2024-11-06 17:13:03.309
0,59;0,39;0,17;15;23194278;10093439;10306393;647133615;19129840;1823803;2024-11-06 17:14:07.365
0,22;0,18;0,19;0;7914718;10093286;10310639;646891157;19122826;1823487;2024-11-06 17:15:25.546
0,26;0,19;0,26;1;7910862;10093257;10306752;646815044;19145663;1823463;2024-11-06 17:15:14.459
0,51;0,19;0,22;6;18549951;10093009;10310271;646973747;19146581;1823117;2024-11-06 17:17:53.070
0,18;0,23;0,30;0;7913047;10093192;10309437;647289673;19142465;1823111;2024-11-06 17:16:06.890
0,41;0,14;0,21;1;7915691;10093150;10310040;646267163;19115985;1823528;2024-11-06 17:18:04.975
0,00;0,26;0,16;0;7915011;10093248;10308047;646977372;19121691;1823573;2024-11-06 17:18:54.578
0,02;0,39;0,06;0;7913021;10093145;10311140;646834284;19126545;1823644;2024-11-06 17:21:48.484
0,12;0,32;0,20;1;7916583;10093151;10307190;647053603;19143077;1823442;2024-11-06 17:20:29.195
0,15;0,30;0,19;1;7915025;10093087;10313776;646917879;19140246;1823904;2024-11-06 17:23:02.030
0,30;0,12;0,23;1;7907485;10093295;10309288;647014595;19128151;1823398;2024-11-06 17:22:06.471
0,30;0,07;0,13;0;7916286;10093459;10309723;647295568;19113486;1823285;2024-11-06 17:21:12.738
0,18;0,45;0,03;0;7914473;10093087;10304986;647148731;19135185;1823191;2024-11-06 17:22:27.605
0,22;0,19;0,19;0;7929491;10093224;10311020;646675317;19129986;1823116;2024-11-06 17:25:47.341
0,24;0,19;0,16;2;7923094;10093367;10310273;645847894;19132078;1823540;2024-11-06 17:25:39.703
0,15;0,54;0,18;0;7919516;10093394;10310437;646579089;19140062;1823401;2024-11-06 17:26:50.625
0,00;0,30;0,12;0;7914880;10093125;10309469;647016859;19130006;1823632;2024-11-06 17:25:53.364
0,24;0,09;0,32;1;7911015;10093082;10309781;647017187;19146267;1823819;2024-11-06 17:27:08.853
0,22;0,38;0,18;1;7913401;10093139;10311641;647092154;19138677;1823086;2024-11-06 17:28:57.963
0,14;0,00;0,34;0;7907861;10093190;10310716;646401721;19115635;1823312;2024-11-06 17:28:18.328
0,00;0,00;0,27;0;7911274;10093542;10308011;646539274;19145445;1823144;2024-11-06 17:28:54.191
0,12;0,25;0,15;0;7917061;10093152;10307236;646100892;19139087;1823141;2024-11-06 17:33:01.407
0,00;0,16;0,17;0;7910842;10093374;10312456;646832598;19131894;1823650;2024-11-06 17:32:41.443
0,00;0,15;0,14;1;7910714;10093180;10308693;646806729;19111353;1823568;2024-11-06 17:34:45.727
0,27;0,38;0,29;9;18396606;10093158;10310976;647883751;19112261;1823322;2024-11-06 17:32:20.513
0,32;0,07;0,21;0;7908921;10093084;10309105;647490766;19123529;1823974;2024-11-06 17:35:30.649
0,24;0,05;0,15;0;7913285;10093081;10311426;646885632;19112787;1823834;2024-11-06 17:32:29.508
0,00;0,05;0,31;1;7912095;10093369;10313144;647511224;19142799;1823506;2024-11-06 17:36:26.588
0,12;0,00;0,23;0;7924457;10093246;10306020;646662560;19127238;1823727;2024-11-06 17:37:24.717
0,17;0,09;0,00;0;7913510;10093171;10313545;647050516;19105417;1823578;2024-11-06 17:38:27.512
0,27;0,21;0,21;2;7905738;10093145;10312177;647104730;19114452;1823299;2024-11-06 17:35:40.834
0,14;0,28;0,25;0;7923954;10093266;10307874;646942151;19135232;1823295;2024-11-06 17:36:26.288
0,29;0,34;0,04;0;7915268;10093160;10308866;647422919;19137070;1823760;2024-11-06 17:38:21.818
0,31;0,14;0,18;1;7911319;10093539;10310556;646580259;19107419;1823586;2024-11-06 17:41:53.576
0,40;0,38;0,38;2;7924439;10093320;10309300;646898691;19135593;1823843;2024-11-06 17:39:23.280
0,16;0,17;0,32;2;7914003;10093347;10311353;646450672;19149596;1823042;2024-11-06 17:42:17.568
0,00;0,07;0,16;0;7914671;10093185;10311406;646736157;19127862;1823104;2024-11-06 17:43:40.572
0,24;0,23;0,37;2;7909123;10093470;10308811;646329971;19102112;1823460;2024-11-06 17:42:46.312
0,17;0,61;0,29;2;7917014;10093329;10308460;647163022;19105700;1823449;2024-11-06 17:43:39.365
0,20;0,44;0,19;2;7912108;10093133;10310280;647146475;19115528;1823214;2024-11-06 17:43:10.813
0,02;0,27;0,22;1;7919067;10093371;10310188;646481817;19139994;1823647;2024-11-06 17:45:54.902
0,08;0,43;0,22;1;7922730;10093299;10311507;647469361;19109124;1823803;2024-11-06 17:47:19.174
0,02;0,26;0,08;0;7912575;10093314;10307949;647279668;19103890;1823583;2024-11-06 17:46:10.853
0,00;0,36;0,13;0;7908864;10093106;10308841;646046194;19139115;1823551;2024-11-06 17:48:09.558
0,12;0,35;0,18;1;7908112;10093272;10310275;647978304;19119178;1823296;2024-11-06 17:47:21.339
0,32;0,26;0,29;2;7913328;10093242;10313317;646182210;19133712;1823921;2024-11-06 17:48:56.998
0,35;0,21;0,17;2;7911235;10093265;10309912;646792648;19126974;1823940;2024-11-06 17:48:13.142
0,09;0,00;0,13;2;7911438;10093265;10313926;646692021;19142984;1823129;2024-11-06 17:48:40.290
0,05;0,13;0,22;0;7916943;10093322;10311655;647484615;19146621;1823329;2024-11-06 17:50:02.261
0,16;0,47;0,16;2;7914546;10093379;10311132;645879576;19144317;1823402;2024-11-06 17:51:46.798
0,20;0,32;0,07;1;7917753;10093289;10312367;646654034;19141445;1823275;2024-11-06 17:54:35.149
0,35;0,24;0,38;0;7927930;10093403;10310961;648160501;19104949;1823648;2024-11-06 17:54:42.393
0,29;0,11;0,20;1;7917808;10093332;10307749;646453233;19149139;1823284;2024-11-06 17:52:42.422
0,15;0,28;0,27;0;7914706;10093166;10313473;646463970;19121449;1823595;2024-11-06 17:55:48.476
0,40;0,31;0,33;2;7911777;10093235;10310110;646761801;19148019;1823095;2024-11-06 17:53:26.911
0,23;0,41;0,07;1;7910713;10093173;10309811;646932236;19145697;1823366;2024-11-06 17:58:04.665
0,32;0,22;0,23;1;7915992;10093274;10311406;646938838;19126064;1823223;2024-11-06 17:55:27.834
0,45;0,52;0,27;0;7915139;10093312;10307797;647090052;19132421;1823274;2024-11-06 17:59:19.864
0,09;0,28;0,13;0;7912276;10093062;10307653;647177436;19122135;1823560;2024-11-06 17:59:10.868
0,07;0,35;0,10;2;7916266;10093173;10310770;646232606;19131807;1823807;2024-11-06 17:58:16.593
0,13;0,12;0,29;1;7916311;10093126;10309593;646613841;19149955;1823049;2024-11-06 18:00:50.937
0,34;0,37;0,06;1;7918133;10093167;10309494;647016127;19130119;1823016;2024-11-06 17:59:03.104
0,47;0,10;0,28;2;7908142;10093125;10310056;647010864;19110353;1823451;2024-11-06 18:00:28.974
0,00;0,36;0,00;0;7913270;10093382;10314418;646818475;19113259;1823705;2024-11-06 18:04:03.000
0,00;0,37;0,29;1;7911555;10093188;10308565;646827706;19119783;1823162;2024-11-06 18:02:02.924
0,25;0,15;0,16;1;7917206;10093101;10309248;646162029;19123621;1823256;2024-11-06 18:04:00.097
0,22;0,00;0,29;1;7907426;10093072;10309272;647855553;19142527;1823169;2024-11-06 18:03:07.389
0,31;0,00;0,07;1;7912021;10093473;10308122;646534557;19120021;1823743;2024-11-06 18:03:36.415
0,43;0,24;0,31;1;7910364;10093239;10312631;646927579;19105976;1823720;2024-11-06 18:05:54.450
0,37;0,27;0,10;0;7913918;10093348;10311338;646979873;19131248;1823079;2024-11-06 18:05:28.001
0,00;0,00;0,04;0;7911447;10093212;10307049;647511256;19134042;1823696;2024-11-06 18:06:32.622
0,01;0,06;0,21;0;7918869;10093455;10311165;647789914;19145586;1823351;2024-11-06 18:09:57.009
0,02;0,48;0,01;0;7911480;10093306;10306789;646536474;19145484;1823135;2024-11-06 18:07:56.902
0,04;0,18;0,34;0;7914084;10093203;10304231;647233377;19125104;1823091;2024-11-06 18:11:44.074
0,56;0,09;0,24;16;23849267;10093107;10310787;647414661;19119611;1823140;2024-11-06 18:09:17.108
0,11;0,25;0,16;2;7913079;10093001;10309556;647484684;19149358;1823895;2024-11-06 18:12:25.811
0,11;0,23;0,12;1;7915802;10093228;10308121;647666275;19109362;1823070;2024-11-06 18:11:03.672
0,34;0,15;0,25;0;7916687;10093314;10306611;647503303;19139997;1823665;2024-11-06 18:15:11.590
0,11;0,18;0,46;0;7915509;10093211;10305589;647694882;19147345;1823218;2024-11-06 18:12:49.461
0,00;0,10;0,17;0;7921082;10093327;10309684;647154146;19140375;1823703;2024-11-06 18:13:27.964
0,11;0,24;0,21;0;7918843;10093346;10310987;646818826;19105681;1823918;2024-11-06 18:16:41.901
0,31;0,21;0,09;2;7911983;10093258;10311820;646908235;19108071;1823603;2024-11-06 18:14:31.146
0,02;0,23;0,21;0;7914929;10093341;10312037;646702894;19120611;1823810;2024-11-06 18:17:41.368
0,11;0,10;0,27;0;7921244;10093218;10309517;647733391;19142245;1823086;2024-11-06 18:16:21.259
0,28;0,27;0,08;1;7917393;10093157;10307731;646826614;19139322;1823738;2024-11-06 18:18:02.580
0,11;0,19;0,06;1;7918794;10093362;10306105;647489228;19101757;1823868;2024-11-06 18:19:05.816
0,08;0,32;0,19;1;7914143;10093231;10312424;646380205;19139775;1823521;2024-11-06 18:19:59.215
0,29;0,35;0,27;0;7925623;10093197;10311914;646946954;19119368;1823661;2024-11-06 18:19:46.784
0,39;0,22;0,16;2;7920530;10093200;10307174;646741576;19115685;1823506;2024-11-06 18:19:22.821
0,29;0,39;0,21;0;7920590;10093114;10309113;646855712;19132740;1823653;2024-11-06 18:22:57.118
0,18;0,23;0,27;0;7911775;10093263;10309909;646537055;19123664;1823956;2024-11-06 18:21:01.553
0,18;0,20;0,18;0;7914158;10093257;10309135;647636357;19137249;1823430;2024-11-06 18:23:52.138
0,02;0,13;0,48;1;7908810;10093114;10311468;645961440;19111322;1823781;2024-11-06 18:25:02.572
0,16;0,48;0,05;0;7904090;10093100;10311796;647562388;19101093;1823601;2024-11-06 18:26:41.807
0,12;0,30;0,34;0;7922936;10093225;10305397;646589560;19114138;1823040;2024-11-06 18:23:59.014
0,14;0,19;0,18;2;7919594;10093377;10309656;647549242;19126081;1823518;2024-11-06 18:24:40.994
0,25;0,23;0,29;1;7914361;10093455;10307123;646742414;19132836;1823785;2024-11-06 18:27:21.659
0,18;0,27;0,33;1;7913878;10093107;10311685;647377479;19126363;1823084;2024-11-06 18:29:12.444
0,00;0,22;0,04;1;7910676;10093159;10311618;647058415;19110006;1823284;2024-11-06 18:30:59.563
0,01;0,33;0,06;0;7915650;10093168;10309268;647252135;19133508;1823943;2024-11-06 18:27:52.324
0,35;0,38;0,21;97;7915532;10093206;10310363;647219743;19121413;1823400;2024-11-06 18:29:39.847
0,19;0,00;0,23;1;7915822;10093181;10307431;647737939;19128671;1823747;2024-11-06 18:29:13.325
0,27;0,19;0,09;0;7909890;10093380;10310275;646724706;19105650;1823946;2024-11-06 18:31:27.060
0,28;0,12;0,35;0;7920764;10093203;10308742;645690933;19140127;1823623;2024-11-06 18:33:52.121
0,00;0,06;0,21;1;7912368;10093115;10309437;647252668;19148607;1823673;2024-11-06 18:31:23.324
0,28;0,00;0,19;0;7907083;10093340;10311568;646550986;19146392;1823140;2024-11-06 18:33:09.125
0,09;0,16;0,00;0;7915679;10093222;10311940;646450795;19122721;1823535;2024-11-06 18:32:30.171
0,11;0,04;0,10;2;7908090;10093349;10308603;647062087;19147236;1823265;2024-11-06 18:37:34.821
0,14;0,07;0,18;0;7916995;10093129;10311618;646575139;19149137;1823799;2024-11-06 18:35:20.389
0,13;0,28;0,13;0;7914187;10093218;10310258;645809630;19101923;1823343;2024-11-06 18:36:57.768
0,00;0,29;0,30;1;7909447;10093225;10310589;647346608;19104185;1823269;2024-11-06 18:39:04.285
0,00;0,11;0,17;0;7917515;10093499;10309543;646296511;19133474;1823368;2024-11-06 18:36:49.520
0,26;0,38;0,21;2;7909466;10093345;10311327;646486959;19137151;1823170;2024-11-06 18:37:23.523
0,26;0,34;0,32;0;7913667;10093214;10312454;646394919;19106743;1823915;2024-11-06 18:40:48.164
0,27;0,06;0,31;1;7912709;10093376;10310982;646388389;19133346;1823002;2024-11-06 18:39:24.239
0,41;0,41;0,29;2;7910192;10093219;10310290;646648144;19100805;1823250;2024-11-06 18:39:32.900
0,45;0,24;0,00;0;7915696;10093215;10309850;646815690;19125098;1823942;2024-11-06 18:40:18.494
0,32;0,35;0,23;2;7912303;10093245;10310039;646598784;19102317;1823566;2024-11-06 18:41:56.187
0,29;0,28;0,35;0;7920276;10093181;10311640;646524523;19116270;1823426;2024-11-06 18:44:59.235
0,30;0,16;0,10;2;7915400;10092982;10306498;646911254;19105104;1823585;2024-11-06 18:44:53.284
0,21;0,18;0,04;1;7909910;10093289;10311163;646991888;19144127;1823923;2024-11-06 18:46:05.125
0,37;0,27;0,13;0;7912597;10093109;10309783;647556050;19133801;1823047;2024-11-06 18:44:06.188
1,01;0,88;0,35;24;7920730;18929042;24624568;646989071;19120361;1823335;2024-11-06 18:47:50.072
0,31;0,40;0,18;0;7915091;10093378;10309733;646339553;19100522;1823377;2024-11-06 18:45:54.579
0,52;0,16;0,22;1;7919780;10093189;10307984;647126868;19119917;1823757;2024-11-06 18:47:37.305
0,00;0,19;0,22;0;7912650;10093095;10313188;647051769;19138777;1823995;2024-11-06 18:48:44.486
0,41;0,19;0,11;2;7915345;10093228;10307644;647734892;19112807;1823750;2024-11-06 18:51:37.810
0,11;0,00;0,33;2;7911478;10093189;10306469;647870470;19116064;1823154;2024-11-06 18:52:49.797
0,01;0,23;0,29;0;7916108;10093244;10306596;646595137;19101566;1823238;2024-11-06 18:48:58.977
0,23;0,13;0,22;1;7917408;10093346;10307547;648098323;19145446;1823898;2024-11-06 18:54:17.363
0,32;0,22;0,31;0;7925827;10093106;10309549;645810784;19100095;1823777;2024-11-06 18:50:29.997
0,23;0,26;0,20;1;7910727;10093045;10310747;647727717;19147658;1823314;2024-11-06 18:54:22.890
0,11;0,27;0,04;1;7916286;10093210;10308475;646619818;19115608;1823429;2024-11-06 18:52:48.215
0,14;0,27;0,07;0;7912014;10093245;10307801;647898332;19146638;1823286;2024-11-06 18:56:51.062
0,07;0,14;0,10;0;7922992;10093305;10308126;647553115;19134062;1823422;2024-11-06 18:54:12.046
0,23;0,25;0,17;1;7910252;10093283;10308909;647908377;19105564;1823594;2024-11-06 18:57:20.480
0,01;0,40;0,19;0;7915495;10093333;10308739;647432124;19141760;1823839;2024-11-06 18:55:43.529
0,00;0,13;0,11;1;7907732;10093228;10310771;647351329;19137212;1823063;2024-11-06 18:59:01.078
0,24;0,14;0,24;0;7914621;10093343;10311553;647015238;19115517;1823298;2024-11-06 19:00:07.694
0,07;0,14;0,15;0;7912423;10093276;10311430;646974440;19125752;1823717;2024-11-06 18:59:23.892
0,20;0,24;0,15;0;7909373;10093074;10308609;647236572;19117822;1823239;2024-11-06 19:00:42.333
0,09;0,19;0,25;0;7916603;10093142;10311994;647563675;19108920;1823798;2024-11-06 18:59:18.989
0,03;0,12;0,32;0;7913265;10093028;10307200;646875315;19110772;1823460;2024-11-06 19:00:20.162
0,03;0,17;0,20;0;7921311;10093220;10312145;647714380;19107912;1823548;2024-11-06 19:04:08.329
0,42;0,25;0,00;0;7916304;10093354;10309837;647872291;19129616;1823315;2024-11-06 19:03:58.807
0,33;0,29;0,31;2;7915666;10093000;10309001;647598584;19107858;1823092;2024-11-06 19:05:37.277
4,16;2,19;2,87;79;12546217;13944627;19131944;831123878;33822984;3465217;2024-11-06 19:03:45.846
0,13;0,24;0,34;2;7916421;10093211;10310759;647145283;19121482;1823151;2024-11-06 19:03:30.225
0,31;0,22;0,30;0;7918122;10093258;10309761;647459874;19123313;1823405;2024-11-06 19:04:41.745
0,09;0,04;0,05;1;7910018;10093315;10309154;647102258;19119584;1823266;2024-11-06 19:09:02.051
0,13;0,16;0,10;0;7913540;10093232;10310825;647143848;19129635;1823569;2024-11-06 19:06:54.032
0,17;0,04;0,31;0;7913574;10093257;10313200;647454111;19130280;1823104;2024-11-06 19:10:51.261
0,27;0,22;0,20;0;7915200;10093290;10313422;648236633;19104041;1823850;2024-11-06 19:08:06.127
0,24;0,00;0,10;0;7923057;10093321;10310852;646916581;19126252;1823381;2024-11-06 19:09:33.137
0,02;0,42;0,12;1;7917646;10093119;10309569;647496478;19116962;1823939;2024-11-06 19:09:08.610
0,16;0,18;0,20;0;7907319;10093097;10311428;646788895;19112959;1823924;2024-11-06 19:09:48.022
0,31;0,35;0,32;0;7905894;10093180;10311075;647276500;19106027;1823926;2024-11-06 19:13:42.848
0,54;0,11;0,32;0;7915861;10093085;10308904;647131264;19130211;1823051;2024-11-06 19:13:29.128
0,00;0,00;0,02;1;7915295;10093201;10308760;646707189;19128387;1823841;2024-11-06 19:12:51.969
0,00;0,17;0,02;0;7919938;10093419;10305347;646765435;19125082;1823699;2024-11-06 19:15:32.520
0,14;0,20;0,30;0;7911668;10093241;10315958;646944353;19114071;1823930;2024-11-06 19:16:33.181
0,46;0,28;0,14;0;7910396;10093249;10307747;646568067;19129229;1823904;2024-11-06 19:15:15.288
0,52;0,54;0,48;29;8403009;10093296;10306744;1034194375;35351159;3015448;2024-11-06 19:15:41.036
0,36;0,15;0,17;0;7910818;10093193;10313742;646574557;19136089;1823490;2024-11-06 19:17:41.523
0,89;0,42;0,26;17;19711725;10093297;10311481;647063534;19108993;1823429;2024-11-06 19:16:26.091
2,24;1,72;1,90;58;11050534;10093419;10310061;715225344;19116328;1823645;2024-11-06 19:18:22.673
0,22;0,18;0,14;0;7918492;10093167;10313692;647966679;19125067;1823800;2024-11-06 19:22:03.833
0,24;0,22;0,30;1;7919473;10093169;10308946;646338826;19131763;1823352;2024-11-06 19:21:13.502
0,26;0,30;0,07;0;7911724;10093115;10308202;647275508;19125452;1823276;2024-11-06 19:23:44.526
0,09;0,18;0,04;0;7914934;10093245;10308542;646905492;19139132;1823224;2024-11-06 19:21:12.027
0,23;0,12;0,05;2;7923027;10093186;10309806;647505419;19118411;1823059;2024-11-06 19:20:40.939
0,73;0,07;0,24;0;7910462;10093196;10308559;646437172;19138272;1823238;2024-11-06 19:25:11.555
0,19;0,04;0,29;0;7914275;10093292;10309067;646816398;19143048;1823246;2024-11-06 19:23:16.104
0,24;0,08;0,16;2;7909701;10093160;10305780;647669663;19148303;1823057;2024-11-06 19:24:56.559
0,10;0,36;0,31;2;7907570;10093141;10315121;647875462;19125455;1823363;2024-11-06 19:25:17.603
0,20;0,25;0,14;0;7916161;10093178;10305935;646339222;19138831;1823325;2024-11-06 19:25:38.184
0,20;0,08;0,19;1;7908626;10093171;10311706;647123740;19101848;1823720;2024-11-06 19:27:58.958
0,20;0,33;0,25;1;7921232;10093204;10309140;646349445;19136936;1823145;2024-11-06 19:28:40.993
0,14;0,34;0,33;0;7918801;10093070;10312166;646080740;19132258;1823555;2024-11-06 19:31:13.994
0,33;0,18;0,27;0;7907337;10093367;10307070;646665772;19102487;1823092;2024-11-06 19:29:48.184
0,05;0,01;0,21;1;7923030;10093516;10310194;647558340;19114339;1823020;2024-11-06 19:28:23.243
0,23;0,28;0,17;0;7914975;10093303;10308843;646961252;19121740;1823939;2024-11-06 19:33:09.501
0,19;0,32;0,09;0;7913742;10093441;10312328;647674589;19122331;1823734;2024-11-06 19:31:08.845
0,20;0,26;0,30;2;7921801;10093054;10307369;647654722;19121206;1823060;2024-11-06 19:31:40.963
0,16;0,14;0,07;1;7911224;10093109;10314182;646988781;19146182;1823939;2024-11-06 19:31:06.154
0,19;0,29;0,30;0;7918729;10093357;10308738;646851066;19134491;1823881;2024-11-06 19:32:52.811
0,32;0,16;0,20;0;7915993;10093328;10306444;647357372;19146172;1823964;2024-11-06 19:35:31.076
6,68;3,39;1,91;71;7912831;10093395;10312680;647435224;19119776;1823330;2024-11-06 19:36:32.614
0,51;0,27;0,23;1;7925219;10092977;10309572;647626247;19128630;1823810;2024-11-06 19:35:04.165
0,35;0,53;0,21;0;7911845;10093216;10310636;647810823;19111416;1823724;2024-11-06 19:38:49.680
0,45;0,21;0,23;1;7910941;10093199;10312092;647801105;19123384;1823228;2024-11-06 19:40:12.727
0,10;0,25;0,18;0;7918319;10093211;10306147;647501845;19148103;1823705;2024-11-06 19:37:39.396
0,15;0,20;0,24;0;7915764;10093295;10306740;647278154;19147764;1823001;2024-11-06 19:39:25.133
0,00;0,31;0,31;2;7907157;10093282;10312114;646775498;19137190;1823033;2024-11-06 19:41:00.892
0,30;0,00;0,31;0;7914149;10093224;10311968;647864644;19140067;1823226;2024-11-06 19:39:58.631
0,27;0,41;0,04;0;7917329;10093236;10308423;646035659;19109217;1823339;2024-11-06 19:43:59.109
0,29;0,33;0,33;0;7919882;10093172;10312581;647698173;19120939;1823171;2024-11-06 19:40:34.249
0,16;0,22;0,11;1;7921404;10093098;10311069;646701585;19143910;1823654;2024-11-06 19:41:25.861
0,03;0,00;0,18;0;7907677;10093255;10313538;647099753;19117380;1823214;2024-11-06 19:44:16.468
0,50;0,10;0,07;0;7908864;10093243;10315445;646168942;19122969;1823262;2024-11-06 19:44:17.726
0,29;0,14;0,18;0;7907709;10093337;10309912;647543726;19103155;1823395;2024-11-06 19:43:50.755
0,85;0,21;0,56;20;7903934;15572664;29969905;646065048;19127133;1823504;2024-11-06 19:47:24.768
0,06;0,11;0,34;1;7913144;10093374;10308864;647158823;19124598;1823103;2024-11-06 19:47:38.368
0,27;0,30;0,15;2;7912110;10093220;10306695;646958049;19137883;1823666;2024-11-06 19:49:15.827
0,14;0,29;0,21;0;7920681;10093257;10308875;647028848;19104830;1823818;2024-11-06 19:47:50.170
0,31;0,01;0,13;0;7910529;10093291;10311054;647050613;19120887;1823267;2024-11-06 19:46:57.309
0,00;0,02;0,18;0;7911492;10093250;10309061;647765821;19111148;1823909;2024-11-06 19:48:18.077
0,00;0,26;0,28;1;7917507;10093328;10311862;646698010;19104915;1823560;2024-11-06 19:51:22.168
0,03;0,00;0,16;1;7910112;10093366;10309424;646484797;19140215;1823914;2024-11-06 19:49:42.354
0,02;0,46;0,20;0;7910092;10093262;10313793;646805159;19128267;1823965;2024-11-06 19:53:47.738
1,01;0,84;0,12;20;7910807;18580822;21354188;647530543;19103509;1823103;2024-11-06 19:51:49.636
0,09;0,17;0,14;0;7917183;10093270;10310197;648253747;19126822;1823713;2024-11-06 19:53:59.215
0,46;0,00;0,16;1;7926132;10093192;10314175;646786836;19135397;1823271;2024-11-06 19:56:38.757
0,16;0,32;0,19;0;7916473;10093407;10311517;647070766;19106285;1823050;2024-11-06 19:55:04.311
0,45;0,33;0,13;1;7923900;10093314;10309572;645989591;19132174;1823157;2024-11-06 19:56:46.599
0,00;0,42;0,37;0;7914426;10093072;10307826;646188115;19128023;1823089;2024-11-06 19:54:37.378
0,00;0,46;0,41;1;7908395;10093249;10307430;646992380;19140965;1823614;2024-11-06 19:57:25.863
0,45;0,35;0,28;0;7913029;10093376;10311293;647201957;19101686;1823211;2024-11-06 19:59:45.209
0,18;0,26;0,23;0;7911292;10093172;10308006;646533568;19105369;1823484;2024-11-06 19:57:52.669
0,17;0,18;0,14;2;7910526;10093279;10312755;646994542;19126048;1823482;2024-11-06 19:58:09.323
0,19;0,11;0,18;1;7919951;10093353;10311935;647467934;19117367;1823093;2024-11-06 20:02:05.938
0,27;0,27;0,22;0;7911915;10093258;10310431;647316584;19124315;1823906;2024-11-06 20:03:18.406
0,22;0,47;0,08;0;7917772;10093245;10310004;646593712;19129214;1823045;2024-11-06 20:02:40.387
0,35;0,30;0,28;0;7914846;10093217;10309866;647216732;19117262;1823231;2024-11-06 20:02:24.461
0,00;0,32;0,44;0;7916401;10093221;10309677;647353771;19109904;1823770;2024-11-06 20:03:12.591
0,16;0,32;0,18;1;7922570;10093418;10309339;646959488;19122530;1823827;2024-11-06 20:02:29.089
0,20;0,22;0,11;2;7908563;10093374;10312179;647536260;19138648;1823232;2024-11-06 20:07:02.434
0,19;0,45;0,20;2;7918314;10093111;10309540;646922089;19125369;1823838;2024-11-06 20:07:53.063
0,19;0,06;0,27;1;7919143;10093175;10307705;646615529;19145027;1823887;2024-11-06 20:08:22.438
0,27;0,15;0,19;0;7908632;10093447;10310146;647574857;19131212;1823306;2024-11-06 20:08:43.600
0,27;0,21;0,19;2;7910373;10093204;10307984;646441567;19146812;1823035;2024-11-06 20:06:05.413
0,51;0,25;0,35;1;7910029;10093124;10308044;646788964;19137452;1823693;2024-11-06 20:10:27.598
0,21;0,20;0,12;2;7914438;10093267;10311404;647735216;19129428;1823177;2024-11-06 20:08:10.126
0,15;0,37;0,21;2;7906363;10093428;10314545;647309548;19112630;1823129;2024-11-06 20:09:05.222
0,21;0,19;0,15;0;7920053;10093248;10313347;647017431;19144769;1823445;2024-11-06 20:08:46.443
0,14;0,15;0,13;1;7916570;10093120;10308363;647662241;19109691;1823854;2024-11-06 20:10:53.862
4,10;3,11;1,65;95;16830106;13109665;21485341;895077920;23124274;2382509;2024-11-06 20:12:07.335
0,51;0,66;0,37;32;7908040;15911675;29423009;647971764;19121373;1823877;2024-11-06 20:13:58.583
0,09;0,30;0,31;0;7911223;10093353;10311528;647863981;19100810;1823805;2024-11-06 20:13:46.544
0,13;0,07;0,15;0;7915044;10093255;10309213;646045401;19107374;1823424;2024-11-06 20:16:37.819
0,27;0,46;0,25;1;7917045;10093307;10310794;647465832;19138530;1823596;2024-11-06 20:14:11.155
0,26;0,18;0,12;0;7912755;10093281;10309367;647157169;19136876;1823798;2024-11-06 20:14:31.969
0,27;0,32;0,33;0;7914390;10093119;10309309;647022031;19135103;1823901;2024-11-06 20:15:16.823
0,00;0,39;0,21;0;7915906;10093386;10308739;647287020;19117310;1823392;2024-11-06 20:18:06.920
0,18;0,20;0,12;1;7922328;10093212;10311398;646062496;19131001;1823038;2024-11-06 20:20:03.599
0,38;0,35;0,21;0;7912865;10093290;10314577;646118381;19109427;1823633;2024-11-06 20:18:08.288
0,32;0,11;0,20;0;7912760;10093207;10309979;646432914;19121724;1823707;2024-11-06 20:20:50.040
0,35;0,00;0,25;1;7912367;10093132;10310404;646221524;19131143;1823942;2024-11-06 20:20:11.051
0,21;0,05;0,25;0;7909378;10093204;10310587;646613728;19101325;1823345;2024-11-06 20:21:12.940
0,39;0,12;0,31;20;20276244;10093330;10310066;648104258;19145625;1823701;2024-11-06 20:22:15.326
0,40;0,29;0,19;0;7910351;10093344;10309541;647584182;19108807;1823307;2024-11-06 20:21:15.911
0,26;0,27;0,26;2;7909401;10093147;10307886;647523748;19121028;1823275;2024-11-06 20:24:56.811
0,06;0,12;0,25;1;7912739;10093212;10309066;645837184;19105851;1823192;2024-11-06 20:25:28.634
0,05;0,36;0,15;2;7904497;10093149;10310719;647170017;19126684;1823758;2024-11-06 20:26:26.221
0,16;0,14;0,06;1;7915840;10093333;10312577;646444706;19124504;1823840;2024-11-06 20:27:33.796
0,40;0,21;0,20;2;7918467;10093195;10305672;647352430;19110418;1823067;2024-11-06 20:24:38.540
0,25;0,18;0,26;1;7918134;10093098;10310045;645861218;19126436;1823138;2024-11-06 20:27:34.744
0,18;0,18;0,25;1;7908634;10093207;10303567;647278751;19101897;1823177;2024-11-06 20:30:08.922
0,19;0,23;0,05;2;7915990;10093415;10309630;647325044;19113154;1823857;2024-11-06 20:28:03.917
0,07;0,21;0,05;0;7917940;10093265;10307561;646599068;19129913;1823051;2024-11-06 20:27:39.261
0,21;0,33;0,35;0;7913329;10093113;10310476;647892441;19117955;1823377;2024-11-06 20:30:59.738
0,00;0,11;0,26;0;7914767;10093195;10310440;647488772;19141642;1823945;2024-11-06 20:32:37.529
0,19;0,20;0,26;0;7912647;10093364;10314053;646553529;19115855;1823381;2024-11-06 20:30:28.714
